manufacturer,model,category,registrations_count,month_year,state
"Ather Energy","450X","ev_two_wheeler",67,"2021-01-01","Maharashtra"
"Ather Energy","450X","ev_two_wheeler",62,"2021-01-01","Karnataka"
"Ather Energy","450X","ev_two_wheeler",57,"2021-01-01","Delhi"
"Ather Energy","450X","ev_two_wheeler",44,"2021-01-01","Tamil Nadu"
"Ather Energy","450X","ev_two_wheeler",49,"2021-01-01","Uttar Pradesh"
"Ather Energy","450X","ev_two_wheeler",41,"2021-01-01","Gujarat"
"TVS Motor","iQube","ev_two_wheeler",44,"2021-01-01","Maharashtra"
"TVS Motor","iQube","ev_two_wheeler",34,"2021-01-01","Karnataka"
"TVS Motor","iQube","ev_two_wheeler",26,"2021-01-01","Delhi"
"TVS Motor","iQube","ev_two_wheeler",25,"2021-01-01","Tamil Nadu"
"TVS Motor","iQube","ev_two_wheeler",26,"2021-01-01","Uttar Pradesh"
"TVS Motor","iQube","ev_two_wheeler",25,"2021-01-01","Gujarat"
"Bajaj Auto","Chetak","ev_two_wheeler",22,"2021-01-01","Maharashtra"
"Bajaj Auto","Chetak","ev_two_wheeler",19,"2021-01-01","Karnataka"
"Bajaj Auto","Chetak","ev_two_wheeler",19,"2021-01-01","Delhi"
"Bajaj Auto","Chetak","ev_two_wheeler",14,"2021-01-01","Tamil Nadu"
"Bajaj Auto","Chetak","ev_two_wheeler",12,"2021-01-01","Uttar Pradesh"
"Bajaj Auto","Chetak","ev_two_wheeler",14,"2021-01-01","Gujarat"
"Hero Electric","Photon","ev_two_wheeler",87,"2021-01-01","Maharashtra"
"Hero Electric","Photon","ev_two_wheeler",91,"2021-01-01","Karnataka"
"Hero Electric","Photon","ev_two_wheeler",68,"2021-01-01","Delhi"
"Hero Electric","Photon","ev_two_wheeler",65,"2021-01-01","Tamil Nadu"
"Hero Electric","Photon","ev_two_wheeler",59,"2021-01-01","Uttar Pradesh"
"Hero Electric","Photon","ev_two_wheeler",68,"2021-01-01","Gujarat"
"Tata Motors","Nexon EV","ev_four_wheeler",47,"2021-01-01","Maharashtra"
"Tata Motors","Nexon EV","ev_four_wheeler",46,"2021-01-01","Karnataka"
"Tata Motors","Nexon EV","ev_four_wheeler",32,"2021-01-01","Delhi"
"Tata Motors","Nexon EV","ev_four_wheeler",24,"2021-01-01","Tamil Nadu"
"Tata Motors","Nexon EV","ev_four_wheeler",31,"2021-01-01","Uttar Pradesh"
"Tata Motors","Nexon EV","ev_four_wheeler",30,"2021-01-01","Gujarat"
"Ather Energy","450X","ev_two_wheeler",85,"2021-02-01","Maharashtra"
"Ather Energy","450X","ev_two_wheeler",76,"2021-02-01","Karnataka"
"Ather Energy","450X","ev_two_wheeler",57,"2021-02-01","Delhi"
"Ather Energy","450X","ev_two_wheeler",49,"2021-02-01","Tamil Nadu"
"Ather Energy","450X","ev_two_wheeler",54,"2021-02-01","Uttar Pradesh"
"Ather Energy","450X","ev_two_wheeler",52,"2021-02-01","Gujarat"
"TVS Motor","iQube","ev_two_wheeler",37,"2021-02-01","Maharashtra"
"TVS Motor","iQube","ev_two_wheeler",30,"2021-02-01","Karnataka"
"TVS Motor","iQube","ev_two_wheeler",26,"2021-02-01","Delhi"
"TVS Motor","iQube","ev_two_wheeler",24,"2021-02-01","Tamil Nadu"
"TVS Motor","iQube","ev_two_wheeler",20,"2021-02-01","Uttar Pradesh"
"TVS Motor","iQube","ev_two_wheeler",23,"2021-02-01","Gujarat"
"Bajaj Auto","Chetak","ev_two_wheeler",28,"2021-02-01","Maharashtra"
"Bajaj Auto","Chetak","ev_two_wheeler",24,"2021-02-01","Karnataka"
"Bajaj Auto","Chetak","ev_two_wheeler",23,"2021-02-01","Delhi"
"Bajaj Auto","Chetak","ev_two_wheeler",15,"2021-02-01","Tamil Nadu"
"Bajaj Auto","Chetak","ev_two_wheeler",17,"2021-02-01","Uttar Pradesh"
"Bajaj Auto","Chetak","ev_two_wheeler",16,"2021-02-01","Gujarat"
"Hero Electric","Photon","ev_two_wheeler",94,"2021-02-01","Maharashtra"
"Hero Electric","Photon","ev_two_wheeler",88,"2021-02-01","Karnataka"
"Hero Electric","Photon","ev_two_wheeler",57,"2021-02-01","Delhi"
"Hero Electric","Photon","ev_two_wheeler",47,"2021-02-01","Tamil Nadu"
"Hero Electric","Photon","ev_two_wheeler",54,"2021-02-01","Uttar Pradesh"
"Hero Electric","Photon","ev_two_wheeler",52,"2021-02-01","Gujarat"
"Tata Motors","Nexon EV","ev_four_wheeler",58,"2021-02-01","Maharashtra"
"Tata Motors","Nexon EV","ev_four_wheeler",52,"2021-02-01","Karnataka"
"Tata Motors","Nexon EV","ev_four_wheeler",40,"2021-02-01","Delhi"
"Tata Motors","Nexon EV","ev_four_wheeler",29,"2021-02-01","Tamil Nadu"
"Tata Motors","Nexon EV","ev_four_wheeler",32,"2021-02-01","Uttar Pradesh"
"Tata Motors","Nexon EV","ev_four_wheeler",30,"2021-02-01","Gujarat"
"Ather Energy","450X","ev_two_wheeler",65,"2021-03-01","Maharashtra"
"Ather Energy","450X","ev_two_wheeler",65,"2021-03-01","Karnataka"
"Ather Energy","450X","ev_two_wheeler",44,"2021-03-01","Delhi"
"Ather Energy","450X","ev_two_wheeler",40,"2021-03-01","Tamil Nadu"
"Ather Energy","450X","ev_two_wheeler",38,"2021-03-01","Uttar Pradesh"
"Ather Energy","450X","ev_two_wheeler",37,"2021-03-01","Gujarat"
"TVS Motor","iQube","ev_two_wheeler",33,"2021-03-01","Maharashtra"
"TVS Motor","iQube","ev_two_wheeler",33,"2021-03-01","Karnataka"
"TVS Motor","iQube","ev_two_wheeler",23,"2021-03-01","Delhi"
"TVS Motor","iQube","ev_two_wheeler",25,"2021-03-01","Tamil Nadu"
"TVS Motor","iQube","ev_two_wheeler",23,"2021-03-01","Uttar Pradesh"
"TVS Motor","iQube","ev_two_wheeler",20,"2021-03-01","Gujarat"
"Bajaj Auto","Chetak","ev_two_wheeler",19,"2021-03-01","Maharashtra"
"Bajaj Auto","Chetak","ev_two_wheeler",19,"2021-03-01","Karnataka"
"Bajaj Auto","Chetak","ev_two_wheeler",14,"2021-03-01","Delhi"
"Bajaj Auto","Chetak","ev_two_wheeler",12,"2021-03-01","Tamil Nadu"
"Bajaj Auto","Chetak","ev_two_wheeler",14,"2021-03-01","Uttar Pradesh"
"Bajaj Auto","Chetak","ev_two_wheeler",12,"2021-03-01","Gujarat"
"Hero Electric","Photon","ev_two_wheeler",84,"2021-03-01","Maharashtra"
"Hero Electric","Photon","ev_two_wheeler",72,"2021-03-01","Karnataka"
"Hero Electric","Photon","ev_two_wheeler",47,"2021-03-01","Delhi"
"Hero Electric","Photon","ev_two_wheeler",45,"2021-03-01","Tamil Nadu"
"Hero Electric","Photon","ev_two_wheeler",42,"2021-03-01","Uttar Pradesh"
"Hero Electric","Photon","ev_two_wheeler",41,"2021-03-01","Gujarat"
"Tata Motors","Nexon EV","ev_four_wheeler",49,"2021-03-01","Maharashtra"
"Tata Motors","Nexon EV","ev_four_wheeler",37,"2021-03-01","Karnataka"
"Tata Motors","Nexon EV","ev_four_wheeler",37,"2021-03-01","Delhi"
"Tata Motors","Nexon EV","ev_four_wheeler",30,"2021-03-01","Tamil Nadu"
"Tata Motors","Nexon EV","ev_four_wheeler",25,"2021-03-01","Uttar Pradesh"
"Tata Motors","Nexon EV","ev_four_wheeler",28,"2021-03-01","Gujarat"
"Ather Energy","450X","ev_two_wheeler",98,"2021-04-01","Maharashtra"
"Ather Energy","450X","ev_two_wheeler",78,"2021-04-01","Karnataka"
"Ather Energy","450X","ev_two_wheeler",74,"2021-04-01","Delhi"
"Ather Energy","450X","ev_two_wheeler",58,"2021-04-01","Tamil Nadu"
"Ather Energy","450X","ev_two_wheeler",55,"2021-04-01","Uttar Pradesh"
"Ather Energy","450X","ev_two_wheeler",60,"2021-04-01","Gujarat"
"TVS Motor","iQube","ev_two_wheeler",51,"2021-04-01","Maharashtra"
"TVS Motor","iQube","ev_two_wheeler",39,"2021-04-01","Karnataka"
"TVS Motor","iQube","ev_two_wheeler",33,"2021-04-01","Delhi"
"TVS Motor","iQube","ev_two_wheeler",33,"2021-04-01","Tamil Nadu"
"TVS Motor","iQube","ev_two_wheeler",28,"2021-04-01","Uttar Pradesh"
"TVS Motor","iQube","ev_two_wheeler",32,"2021-04-01","Gujarat"
"Bajaj Auto","Chetak","ev_two_wheeler",28,"2021-04-01","Maharashtra"
"Bajaj Auto","Chetak","ev_two_wheeler",22,"2021-04-01","Karnataka"
"Bajaj Auto","Chetak","ev_two_wheeler",19,"2021-04-01","Delhi"
"Bajaj Auto","Chetak","ev_two_wheeler",15,"2021-04-01","Tamil Nadu"
"Bajaj Auto","Chetak","ev_two_wheeler",14,"2021-04-01","Uttar Pradesh"
"Bajaj Auto","Chetak","ev_two_wheeler",14,"2021-04-01","Gujarat"
"Hero Electric","Photon","ev_two_wheeler",81,"2021-04-01","Maharashtra"
"Hero Electric","Photon","ev_two_wheeler",72,"2021-04-01","Karnataka"
"Hero Electric","Photon","ev_two_wheeler",68,"2021-04-01","Delhi"
"Hero Electric","Photon","ev_two_wheeler",51,"2021-04-01","Tamil Nadu"
"Hero Electric","Photon","ev_two_wheeler",58,"2021-04-01","Uttar Pradesh"
"Hero Electric","Photon","ev_two_wheeler",48,"2021-04-01","Gujarat"
"Tata Motors","Nexon EV","ev_four_wheeler",67,"2021-04-01","Maharashtra"
"Tata Motors","Nexon EV","ev_four_wheeler",65,"2021-04-01","Karnataka"
"Tata Motors","Nexon EV","ev_four_wheeler",44,"2021-04-01","Delhi"
"Tata Motors","Nexon EV","ev_four_wheeler",38,"2021-04-01","Tamil Nadu"
"Tata Motors","Nexon EV","ev_four_wheeler",37,"2021-04-01","Uttar Pradesh"
"Tata Motors","Nexon EV","ev_four_wheeler",44,"2021-04-01","Gujarat"
"Ather Energy","450X","ev_two_wheeler",82,"2021-05-01","Maharashtra"
"Ather Energy","450X","ev_two_wheeler",74,"2021-05-01","Karnataka"
"Ather Energy","450X","ev_two_wheeler",61,"2021-05-01","Delhi"
"Ather Energy","450X","ev_two_wheeler",48,"2021-05-01","Tamil Nadu"
"Ather Energy","450X","ev_two_wheeler",61,"2021-05-01","Uttar Pradesh"
"Ather Energy","450X","ev_two_wheeler",51,"2021-05-01","Gujarat"
"TVS Motor","iQube","ev_two_wheeler",54,"2021-05-01","Maharashtra"
"TVS Motor","iQube","ev_two_wheeler",50,"2021-05-01","Karnataka"
"TVS Motor","iQube","ev_two_wheeler",34,"2021-05-01","Delhi"
"TVS Motor","iQube","ev_two_wheeler",33,"2021-05-01","Tamil Nadu"
"TVS Motor","iQube","ev_two_wheeler",32,"2021-05-01","Uttar Pradesh"
"TVS Motor","iQube","ev_two_wheeler",27,"2021-05-01","Gujarat"
"Bajaj Auto","Chetak","ev_two_wheeler",25,"2021-05-01","Maharashtra"
"Bajaj Auto","Chetak","ev_two_wheeler",23,"2021-05-01","Karnataka"
"Bajaj Auto","Chetak","ev_two_wheeler",20,"2021-05-01","Delhi"
"Bajaj Auto","Chetak","ev_two_wheeler",15,"2021-05-01","Tamil Nadu"
"Bajaj Auto","Chetak","ev_two_wheeler",17,"2021-05-01","Uttar Pradesh"
"Bajaj Auto","Chetak","ev_two_wheeler",16,"2021-05-01","Gujarat"
"Hero Electric","Photon","ev_two_wheeler",109,"2021-05-01","Maharashtra"
"Hero Electric","Photon","ev_two_wheeler",83,"2021-05-01","Karnataka"
"Hero Electric","Photon","ev_two_wheeler",70,"2021-05-01","Delhi"
"Hero Electric","Photon","ev_two_wheeler",62,"2021-05-01","Tamil Nadu"
"Hero Electric","Photon","ev_two_wheeler",50,"2021-05-01","Uttar Pradesh"
"Hero Electric","Photon","ev_two_wheeler",56,"2021-05-01","Gujarat"
"Tata Motors","Nexon EV","ev_four_wheeler",63,"2021-05-01","Maharashtra"
"Tata Motors","Nexon EV","ev_four_wheeler",61,"2021-05-01","Karnataka"
"Tata Motors","Nexon EV","ev_four_wheeler",55,"2021-05-01","Delhi"
"Tata Motors","Nexon EV","ev_four_wheeler",41,"2021-05-01","Tamil Nadu"
"Tata Motors","Nexon EV","ev_four_wheeler",38,"2021-05-01","Uttar Pradesh"
"Tata Motors","Nexon EV","ev_four_wheeler",39,"2021-05-01","Gujarat"
"Ather Energy","450X","ev_two_wheeler",77,"2021-06-01","Maharashtra"
"Ather Energy","450X","ev_two_wheeler",75,"2021-06-01","Karnataka"
"Ather Energy","450X","ev_two_wheeler",63,"2021-06-01","Delhi"
"Ather Energy","450X","ev_two_wheeler",45,"2021-06-01","Tamil Nadu"
"Ather Energy","450X","ev_two_wheeler",45,"2021-06-01","Uttar Pradesh"
"Ather Energy","450X","ev_two_wheeler",60,"2021-06-01","Gujarat"
"TVS Motor","iQube","ev_two_wheeler",54,"2021-06-01","Maharashtra"
"TVS Motor","iQube","ev_two_wheeler",47,"2021-06-01","Karnataka"
"TVS Motor","iQube","ev_two_wheeler",29,"2021-06-01","Delhi"
"TVS Motor","iQube","ev_two_wheeler",30,"2021-06-01","Tamil Nadu"
"TVS Motor","iQube","ev_two_wheeler",29,"2021-06-01","Uttar Pradesh"
"TVS Motor","iQube","ev_two_wheeler",26,"2021-06-01","Gujarat"
"Bajaj Auto","Chetak","ev_two_wheeler",28,"2021-06-01","Maharashtra"
"Bajaj Auto","Chetak","ev_two_wheeler",27,"2021-06-01","Karnataka"
"Bajaj Auto","Chetak","ev_two_wheeler",19,"2021-06-01","Delhi"
"Bajaj Auto","Chetak","ev_two_wheeler",15,"2021-06-01","Tamil Nadu"
"Bajaj Auto","Chetak","ev_two_wheeler",19,"2021-06-01","Uttar Pradesh"
"Bajaj Auto","Chetak","ev_two_wheeler",16,"2021-06-01","Gujarat"
"Hero Electric","Photon","ev_two_wheeler",105,"2021-06-01","Maharashtra"
"Hero Electric","Photon","ev_two_wheeler",90,"2021-06-01","Karnataka"
"Hero Electric","Photon","ev_two_wheeler",67,"2021-06-01","Delhi"
"Hero Electric","Photon","ev_two_wheeler",57,"2021-06-01","Tamil Nadu"
"Hero Electric","Photon","ev_two_wheeler",53,"2021-06-01","Uttar Pradesh"
"Hero Electric","Photon","ev_two_wheeler",62,"2021-06-01","Gujarat"
"Tata Motors","Nexon EV","ev_four_wheeler",70,"2021-06-01","Maharashtra"
"Tata Motors","Nexon EV","ev_four_wheeler",52,"2021-06-01","Karnataka"
"Tata Motors","Nexon EV","ev_four_wheeler",54,"2021-06-01","Delhi"
"Tata Motors","Nexon EV","ev_four_wheeler",39,"2021-06-01","Tamil Nadu"
"Tata Motors","Nexon EV","ev_four_wheeler",47,"2021-06-01","Uttar Pradesh"
"Tata Motors","Nexon EV","ev_four_wheeler",45,"2021-06-01","Gujarat"
"Ather Energy","450X","ev_two_wheeler",93,"2021-07-01","Maharashtra"
"Ather Energy","450X","ev_two_wheeler",95,"2021-07-01","Karnataka"
"Ather Energy","450X","ev_two_wheeler",74,"2021-07-01","Delhi"
"Ather Energy","450X","ev_two_wheeler",56,"2021-07-01","Tamil Nadu"
"Ather Energy","450X","ev_two_wheeler",59,"2021-07-01","Uttar Pradesh"
"Ather Energy","450X","ev_two_wheeler",67,"2021-07-01","Gujarat"
"TVS Motor","iQube","ev_two_wheeler",48,"2021-07-01","Maharashtra"
"TVS Motor","iQube","ev_two_wheeler",39,"2021-07-01","Karnataka"
"TVS Motor","iQube","ev_two_wheeler",30,"2021-07-01","Delhi"
"TVS Motor","iQube","ev_two_wheeler",27,"2021-07-01","Tamil Nadu"
"TVS Motor","iQube","ev_two_wheeler",29,"2021-07-01","Uttar Pradesh"
"TVS Motor","iQube","ev_two_wheeler",25,"2021-07-01","Gujarat"
"Bajaj Auto","Chetak","ev_two_wheeler",27,"2021-07-01","Maharashtra"
"Bajaj Auto","Chetak","ev_two_wheeler",24,"2021-07-01","Karnataka"
"Bajaj Auto","Chetak","ev_two_wheeler",20,"2021-07-01","Delhi"
"Bajaj Auto","Chetak","ev_two_wheeler",17,"2021-07-01","Tamil Nadu"
"Bajaj Auto","Chetak","ev_two_wheeler",17,"2021-07-01","Uttar Pradesh"
"Bajaj Auto","Chetak","ev_two_wheeler",16,"2021-07-01","Gujarat"
"Hero Electric","Photon","ev_two_wheeler",92,"2021-07-01","Maharashtra"
"Hero Electric","Photon","ev_two_wheeler",72,"2021-07-01","Karnataka"
"Hero Electric","Photon","ev_two_wheeler",55,"2021-07-01","Delhi"
"Hero Electric","Photon","ev_two_wheeler",55,"2021-07-01","Tamil Nadu"
"Hero Electric","Photon","ev_two_wheeler",55,"2021-07-01","Uttar Pradesh"
"Hero Electric","Photon","ev_two_wheeler",53,"2021-07-01","Gujarat"
"Tata Motors","Nexon EV","ev_four_wheeler",82,"2021-07-01","Maharashtra"
"Tata Motors","Nexon EV","ev_four_wheeler",78,"2021-07-01","Karnataka"
"Tata Motors","Nexon EV","ev_four_wheeler",62,"2021-07-01","Delhi"
"Tata Motors","Nexon EV","ev_four_wheeler",48,"2021-07-01","Tamil Nadu"
"Tata Motors","Nexon EV","ev_four_wheeler",44,"2021-07-01","Uttar Pradesh"
"Tata Motors","Nexon EV","ev_four_wheeler",46,"2021-07-01","Gujarat"
"Ather Energy","450X","ev_two_wheeler",83,"2021-08-01","Maharashtra"
"Ather Energy","450X","ev_two_wheeler",97,"2021-08-01","Karnataka"
"Ather Energy","450X","ev_two_wheeler",66,"2021-08-01","Delhi"
"Ather Energy","450X","ev_two_wheeler",64,"2021-08-01","Tamil Nadu"
"Ather Energy","450X","ev_two_wheeler",58,"2021-08-01","Uttar Pradesh"
"Ather Energy","450X","ev_two_wheeler",55,"2021-08-01","Gujarat"
"TVS Motor","iQube","ev_two_wheeler",51,"2021-08-01","Maharashtra"
"TVS Motor","iQube","ev_two_wheeler",45,"2021-08-01","Karnataka"
"TVS Motor","iQube","ev_two_wheeler",35,"2021-08-01","Delhi"
"TVS Motor","iQube","ev_two_wheeler",28,"2021-08-01","Tamil Nadu"
"TVS Motor","iQube","ev_two_wheeler",28,"2021-08-01","Uttar Pradesh"
"TVS Motor","iQube","ev_two_wheeler",34,"2021-08-01","Gujarat"
"Bajaj Auto","Chetak","ev_two_wheeler",39,"2021-08-01","Maharashtra"
"Bajaj Auto","Chetak","ev_two_wheeler",29,"2021-08-01","Karnataka"
"Bajaj Auto","Chetak","ev_two_wheeler",24,"2021-08-01","Delhi"
"Bajaj Auto","Chetak","ev_two_wheeler",21,"2021-08-01","Tamil Nadu"
"Bajaj Auto","Chetak","ev_two_wheeler",20,"2021-08-01","Uttar Pradesh"
"Bajaj Auto","Chetak","ev_two_wheeler",23,"2021-08-01","Gujarat"
"Hero Electric","Photon","ev_two_wheeler",95,"2021-08-01","Maharashtra"
"Hero Electric","Photon","ev_two_wheeler",87,"2021-08-01","Karnataka"
"Hero Electric","Photon","ev_two_wheeler",64,"2021-08-01","Delhi"
"Hero Electric","Photon","ev_two_wheeler",51,"2021-08-01","Tamil Nadu"
"Hero Electric","Photon","ev_two_wheeler",48,"2021-08-01","Uttar Pradesh"
"Hero Electric","Photon","ev_two_wheeler",59,"2021-08-01","Gujarat"
"Tata Motors","Nexon EV","ev_four_wheeler",73,"2021-08-01","Maharashtra"
"Tata Motors","Nexon EV","ev_four_wheeler",62,"2021-08-01","Karnataka"
"Tata Motors","Nexon EV","ev_four_wheeler",48,"2021-08-01","Delhi"
"Tata Motors","Nexon EV","ev_four_wheeler",43,"2021-08-01","Tamil Nadu"
"Tata Motors","Nexon EV","ev_four_wheeler",53,"2021-08-01","Uttar Pradesh"
"Tata Motors","Nexon EV","ev_four_wheeler",47,"2021-08-01","Gujarat"
"Ather Energy","450X","ev_two_wheeler",107,"2021-09-01","Maharashtra"
"Ather Energy","450X","ev_two_wheeler",104,"2021-09-01","Karnataka"
"Ather Energy","450X","ev_two_wheeler",83,"2021-09-01","Delhi"
"Ather Energy","450X","ev_two_wheeler",71,"2021-09-01","Tamil Nadu"
"Ather Energy","450X","ev_two_wheeler",77,"2021-09-01","Uttar Pradesh"
"Ather Energy","450X","ev_two_wheeler",67,"2021-09-01","Gujarat"
"Ola Electric","S1 Pro","ev_two_wheeler",212,"2021-09-01","Maharashtra"
"Ola Electric","S1 Pro","ev_two_wheeler",213,"2021-09-01","Karnataka"
"Ola Electric","S1 Pro","ev_two_wheeler",173,"2021-09-01","Delhi"
"Ola Electric","S1 Pro","ev_two_wheeler",141,"2021-09-01","Tamil Nadu"
"Ola Electric","S1 Pro","ev_two_wheeler",131,"2021-09-01","Uttar Pradesh"
"Ola Electric","S1 Pro","ev_two_wheeler",119,"2021-09-01","Gujarat"
"TVS Motor","iQube","ev_two_wheeler",68,"2021-09-01","Maharashtra"
"TVS Motor","iQube","ev_two_wheeler",49,"2021-09-01","Karnataka"
"TVS Motor","iQube","ev_two_wheeler",47,"2021-09-01","Delhi"
"TVS Motor","iQube","ev_two_wheeler",35,"2021-09-01","Tamil Nadu"
"TVS Motor","iQube","ev_two_wheeler",43,"2021-09-01","Uttar Pradesh"
"TVS Motor","iQube","ev_two_wheeler",34,"2021-09-01","Gujarat"
"Bajaj Auto","Chetak","ev_two_wheeler",36,"2021-09-01","Maharashtra"
"Bajaj Auto","Chetak","ev_two_wheeler",30,"2021-09-01","Karnataka"
"Bajaj Auto","Chetak","ev_two_wheeler",30,"2021-09-01","Delhi"
"Bajaj Auto","Chetak","ev_two_wheeler",21,"2021-09-01","Tamil Nadu"
"Bajaj Auto","Chetak","ev_two_wheeler",21,"2021-09-01","Uttar Pradesh"
"Bajaj Auto","Chetak","ev_two_wheeler",25,"2021-09-01","Gujarat"
"Hero Electric","Photon","ev_two_wheeler",82,"2021-09-01","Maharashtra"
"Hero Electric","Photon","ev_two_wheeler",88,"2021-09-01","Karnataka"
"Hero Electric","Photon","ev_two_wheeler",60,"2021-09-01","Delhi"
"Hero Electric","Photon","ev_two_wheeler",55,"2021-09-01","Tamil Nadu"
"Hero Electric","Photon","ev_two_wheeler",52,"2021-09-01","Uttar Pradesh"
"Hero Electric","Photon","ev_two_wheeler",59,"2021-09-01","Gujarat"
"Tata Motors","Nexon EV","ev_four_wheeler",89,"2021-09-01","Maharashtra"
"Tata Motors","Nexon EV","ev_four_wheeler",74,"2021-09-01","Karnataka"
"Tata Motors","Nexon EV","ev_four_wheeler",56,"2021-09-01","Delhi"
"Tata Motors","Nexon EV","ev_four_wheeler",46,"2021-09-01","Tamil Nadu"
"Tata Motors","Nexon EV","ev_four_wheeler",44,"2021-09-01","Uttar Pradesh"
"Tata Motors","Nexon EV","ev_four_wheeler",56,"2021-09-01","Gujarat"
"Ather Energy","450X","ev_two_wheeler",149,"2021-10-01","Maharashtra"
"Ather Energy","450X","ev_two_wheeler",133,"2021-10-01","Karnataka"
"Ather Energy","450X","ev_two_wheeler",113,"2021-10-01","Delhi"
"Ather Energy","450X","ev_two_wheeler",96,"2021-10-01","Tamil Nadu"
"Ather Energy","450X","ev_two_wheeler",83,"2021-10-01","Uttar Pradesh"
"Ather Energy","450X","ev_two_wheeler",100,"2021-10-01","Gujarat"
"Ola Electric","S1 Pro","ev_two_wheeler",303,"2021-10-01","Maharashtra"
"Ola Electric","S1 Pro","ev_two_wheeler",298,"2021-10-01","Karnataka"
"Ola Electric","S1 Pro","ev_two_wheeler",273,"2021-10-01","Delhi"
"Ola Electric","S1 Pro","ev_two_wheeler",201,"2021-10-01","Tamil Nadu"
"Ola Electric","S1 Pro","ev_two_wheeler",228,"2021-10-01","Uttar Pradesh"
"Ola Electric","S1 Pro","ev_two_wheeler",198,"2021-10-01","Gujarat"
"TVS Motor","iQube","ev_two_wheeler",81,"2021-10-01","Maharashtra"
"TVS Motor","iQube","ev_two_wheeler",63,"2021-10-01","Karnataka"
"TVS Motor","iQube","ev_two_wheeler",52,"2021-10-01","Delhi"
"TVS Motor","iQube","ev_two_wheeler",43,"2021-10-01","Tamil Nadu"
"TVS Motor","iQube","ev_two_wheeler",54,"2021-10-01","Uttar Pradesh"
"TVS Motor","iQube","ev_two_wheeler",51,"2021-10-01","Gujarat"
"Bajaj Auto","Chetak","ev_two_wheeler",54,"2021-10-01","Maharashtra"
"Bajaj Auto","Chetak","ev_two_wheeler",39,"2021-10-01","Karnataka"
"Bajaj Auto","Chetak","ev_two_wheeler",40,"2021-10-01","Delhi"
"Bajaj Auto","Chetak","ev_two_wheeler",29,"2021-10-01","Tamil Nadu"
"Bajaj Auto","Chetak","ev_two_wheeler",31,"2021-10-01","Uttar Pradesh"
"Bajaj Auto","Chetak","ev_two_wheeler",34,"2021-10-01","Gujarat"
"Hero Electric","Photon","ev_two_wheeler",102,"2021-10-01","Maharashtra"
"Hero Electric","Photon","ev_two_wheeler",92,"2021-10-01","Karnataka"
"Hero Electric","Photon","ev_two_wheeler",78,"2021-10-01","Delhi"
"Hero Electric","Photon","ev_two_wheeler",71,"2021-10-01","Tamil Nadu"
"Hero Electric","Photon","ev_two_wheeler",59,"2021-10-01","Uttar Pradesh"
"Hero Electric","Photon","ev_two_wheeler",57,"2021-10-01","Gujarat"
"Tata Motors","Nexon EV","ev_four_wheeler",116,"2021-10-01","Maharashtra"
"Tata Motors","Nexon EV","ev_four_wheeler",108,"2021-10-01","Karnataka"
"Tata Motors","Nexon EV","ev_four_wheeler",103,"2021-10-01","Delhi"
"Tata Motors","Nexon EV","ev_four_wheeler",70,"2021-10-01","Tamil Nadu"
"Tata Motors","Nexon EV","ev_four_wheeler",80,"2021-10-01","Uttar Pradesh"
"Tata Motors","Nexon EV","ev_four_wheeler",65,"2021-10-01","Gujarat"
"Ather Energy","450X","ev_two_wheeler",189,"2021-11-01","Maharashtra"
"Ather Energy","450X","ev_two_wheeler",169,"2021-11-01","Karnataka"
"Ather Energy","450X","ev_two_wheeler",138,"2021-11-01","Delhi"
"Ather Energy","450X","ev_two_wheeler",111,"2021-11-01","Tamil Nadu"
"Ather Energy","450X","ev_two_wheeler",101,"2021-11-01","Uttar Pradesh"
"Ather Energy","450X","ev_two_wheeler",114,"2021-11-01","Gujarat"
"Ola Electric","S1 Pro","ev_two_wheeler",374,"2021-11-01","Maharashtra"
"Ola Electric","S1 Pro","ev_two_wheeler",257,"2021-11-01","Karnataka"
"Ola Electric","S1 Pro","ev_two_wheeler",234,"2021-11-01","Delhi"
"Ola Electric","S1 Pro","ev_two_wheeler",215,"2021-11-01","Tamil Nadu"
"Ola Electric","S1 Pro","ev_two_wheeler",180,"2021-11-01","Uttar Pradesh"
"Ola Electric","S1 Pro","ev_two_wheeler",184,"2021-11-01","Gujarat"
"TVS Motor","iQube","ev_two_wheeler",84,"2021-11-01","Maharashtra"
"TVS Motor","iQube","ev_two_wheeler",65,"2021-11-01","Karnataka"
"TVS Motor","iQube","ev_two_wheeler",66,"2021-11-01","Delhi"
"TVS Motor","iQube","ev_two_wheeler",57,"2021-11-01","Tamil Nadu"
"TVS Motor","iQube","ev_two_wheeler",52,"2021-11-01","Uttar Pradesh"
"TVS Motor","iQube","ev_two_wheeler",59,"2021-11-01","Gujarat"
"Bajaj Auto","Chetak","ev_two_wheeler",48,"2021-11-01","Maharashtra"
"Bajaj Auto","Chetak","ev_two_wheeler",41,"2021-11-01","Karnataka"
"Bajaj Auto","Chetak","ev_two_wheeler",33,"2021-11-01","Delhi"
"Bajaj Auto","Chetak","ev_two_wheeler",31,"2021-11-01","Tamil Nadu"
"Bajaj Auto","Chetak","ev_two_wheeler",33,"2021-11-01","Uttar Pradesh"
"Bajaj Auto","Chetak","ev_two_wheeler",32,"2021-11-01","Gujarat"
"Hero Electric","Photon","ev_two_wheeler",101,"2021-11-01","Maharashtra"
"Hero Electric","Photon","ev_two_wheeler",95,"2021-11-01","Karnataka"
"Hero Electric","Photon","ev_two_wheeler",73,"2021-11-01","Delhi"
"Hero Electric","Photon","ev_two_wheeler",69,"2021-11-01","Tamil Nadu"
"Hero Electric","Photon","ev_two_wheeler",63,"2021-11-01","Uttar Pradesh"
"Hero Electric","Photon","ev_two_wheeler",54,"2021-11-01","Gujarat"
"Tata Motors","Nexon EV","ev_four_wheeler",160,"2021-11-01","Maharashtra"
"Tata Motors","Nexon EV","ev_four_wheeler",142,"2021-11-01","Karnataka"
"Tata Motors","Nexon EV","ev_four_wheeler",107,"2021-11-01","Delhi"
"Tata Motors","Nexon EV","ev_four_wheeler",79,"2021-11-01","Tamil Nadu"
"Tata Motors","Nexon EV","ev_four_wheeler",87,"2021-11-01","Uttar Pradesh"
"Tata Motors","Nexon EV","ev_four_wheeler",78,"2021-11-01","Gujarat"
"Ather Energy","450X","ev_two_wheeler",128,"2021-12-01","Maharashtra"
"Ather Energy","450X","ev_two_wheeler",101,"2021-12-01","Karnataka"
"Ather Energy","450X","ev_two_wheeler",82,"2021-12-01","Delhi"
"Ather Energy","450X","ev_two_wheeler",70,"2021-12-01","Tamil Nadu"
"Ather Energy","450X","ev_two_wheeler",70,"2021-12-01","Uttar Pradesh"
"Ather Energy","450X","ev_two_wheeler",86,"2021-12-01","Gujarat"
"Ola Electric","S1 Pro","ev_two_wheeler",235,"2021-12-01","Maharashtra"
"Ola Electric","S1 Pro","ev_two_wheeler",209,"2021-12-01","Karnataka"
"Ola Electric","S1 Pro","ev_two_wheeler",175,"2021-12-01","Delhi"
"Ola Electric","S1 Pro","ev_two_wheeler",174,"2021-12-01","Tamil Nadu"
"Ola Electric","S1 Pro","ev_two_wheeler",139,"2021-12-01","Uttar Pradesh"
"Ola Electric","S1 Pro","ev_two_wheeler",169,"2021-12-01","Gujarat"
"TVS Motor","iQube","ev_two_wheeler",77,"2021-12-01","Maharashtra"
"TVS Motor","iQube","ev_two_wheeler",69,"2021-12-01","Karnataka"
"TVS Motor","iQube","ev_two_wheeler",49,"2021-12-01","Delhi"
"TVS Motor","iQube","ev_two_wheeler",40,"2021-12-01","Tamil Nadu"
"TVS Motor","iQube","ev_two_wheeler",39,"2021-12-01","Uttar Pradesh"
"TVS Motor","iQube","ev_two_wheeler",49,"2021-12-01","Gujarat"
"Bajaj Auto","Chetak","ev_two_wheeler",43,"2021-12-01","Maharashtra"
"Bajaj Auto","Chetak","ev_two_wheeler",39,"2021-12-01","Karnataka"
"Bajaj Auto","Chetak","ev_two_wheeler",26,"2021-12-01","Delhi"
"Bajaj Auto","Chetak","ev_two_wheeler",23,"2021-12-01","Tamil Nadu"
"Bajaj Auto","Chetak","ev_two_wheeler",26,"2021-12-01","Uttar Pradesh"
"Bajaj Auto","Chetak","ev_two_wheeler",24,"2021-12-01","Gujarat"
"Hero Electric","Photon","ev_two_wheeler",79,"2021-12-01","Maharashtra"
"Hero Electric","Photon","ev_two_wheeler",79,"2021-12-01","Karnataka"
"Hero Electric","Photon","ev_two_wheeler",51,"2021-12-01","Delhi"
"Hero Electric","Photon","ev_two_wheeler",48,"2021-12-01","Tamil Nadu"
"Hero Electric","Photon","ev_two_wheeler",53,"2021-12-01","Uttar Pradesh"
"Hero Electric","Photon","ev_two_wheeler",56,"2021-12-01","Gujarat"
"Tata Motors","Nexon EV","ev_four_wheeler",94,"2021-12-01","Maharashtra"
"Tata Motors","Nexon EV","ev_four_wheeler",77,"2021-12-01","Karnataka"
"Tata Motors","Nexon EV","ev_four_wheeler",60,"2021-12-01","Delhi"
"Tata Motors","Nexon EV","ev_four_wheeler",63,"2021-12-01","Tamil Nadu"
"Tata Motors","Nexon EV","ev_four_wheeler",55,"2021-12-01","Uttar Pradesh"
"Tata Motors","Nexon EV","ev_four_wheeler",56,"2021-12-01","Gujarat"
"Ather Energy","450X","ev_two_wheeler",134,"2022-01-01","Maharashtra"
"Ather Energy","450X","ev_two_wheeler",116,"2022-01-01","Karnataka"
"Ather Energy","450X","ev_two_wheeler",77,"2022-01-01","Delhi"
"Ather Energy","450X","ev_two_wheeler",72,"2022-01-01","Tamil Nadu"
"Ather Energy","450X","ev_two_wheeler",66,"2022-01-01","Uttar Pradesh"
"Ather Energy","450X","ev_two_wheeler",80,"2022-01-01","Gujarat"
"Ola Electric","S1 Pro","ev_two_wheeler",384,"2022-01-01","Maharashtra"
"Ola Electric","S1 Pro","ev_two_wheeler",260,"2022-01-01","Karnataka"
"Ola Electric","S1 Pro","ev_two_wheeler",278,"2022-01-01","Delhi"
"Ola Electric","S1 Pro","ev_two_wheeler",202,"2022-01-01","Tamil Nadu"
"Ola Electric","S1 Pro","ev_two_wheeler",227,"2022-01-01","Uttar Pradesh"
"Ola Electric","S1 Pro","ev_two_wheeler",201,"2022-01-01","Gujarat"
"TVS Motor","iQube","ev_two_wheeler",83,"2022-01-01","Maharashtra"
"TVS Motor","iQube","ev_two_wheeler",59,"2022-01-01","Karnataka"
"TVS Motor","iQube","ev_two_wheeler",54,"2022-01-01","Delhi"
"TVS Motor","iQube","ev_two_wheeler",45,"2022-01-01","Tamil Nadu"
"TVS Motor","iQube","ev_two_wheeler",43,"2022-01-01","Uttar Pradesh"
"TVS Motor","iQube","ev_two_wheeler",43,"2022-01-01","Gujarat"
"Bajaj Auto","Chetak","ev_two_wheeler",38,"2022-01-01","Maharashtra"
"Bajaj Auto","Chetak","ev_two_wheeler",29,"2022-01-01","Karnataka"
"Bajaj Auto","Chetak","ev_two_wheeler",28,"2022-01-01","Delhi"
"Bajaj Auto","Chetak","ev_two_wheeler",20,"2022-01-01","Tamil Nadu"
"Bajaj Auto","Chetak","ev_two_wheeler",26,"2022-01-01","Uttar Pradesh"
"Bajaj Auto","Chetak","ev_two_wheeler",20,"2022-01-01","Gujarat"
"Hero Electric","Photon","ev_two_wheeler",70,"2022-01-01","Maharashtra"
"Hero Electric","Photon","ev_two_wheeler",66,"2022-01-01","Karnataka"
"Hero Electric","Photon","ev_two_wheeler",49,"2022-01-01","Delhi"
"Hero Electric","Photon","ev_two_wheeler",45,"2022-01-01","Tamil Nadu"
"Hero Electric","Photon","ev_two_wheeler",48,"2022-01-01","Uttar Pradesh"
"Hero Electric","Photon","ev_two_wheeler",48,"2022-01-01","Gujarat"
"Tata Motors","Nexon EV","ev_four_wheeler",133,"2022-01-01","Maharashtra"
"Tata Motors","Nexon EV","ev_four_wheeler",109,"2022-01-01","Karnataka"
"Tata Motors","Nexon EV","ev_four_wheeler",101,"2022-01-01","Delhi"
"Tata Motors","Nexon EV","ev_four_wheeler",74,"2022-01-01","Tamil Nadu"
"Tata Motors","Nexon EV","ev_four_wheeler",84,"2022-01-01","Uttar Pradesh"
"Tata Motors","Nexon EV","ev_four_wheeler",78,"2022-01-01","Gujarat"
"Ather Energy","450X","ev_two_wheeler",147,"2022-02-01","Maharashtra"
"Ather Energy","450X","ev_two_wheeler",135,"2022-02-01","Karnataka"
"Ather Energy","450X","ev_two_wheeler",117,"2022-02-01","Delhi"
"Ather Energy","450X","ev_two_wheeler",102,"2022-02-01","Tamil Nadu"
"Ather Energy","450X","ev_two_wheeler",97,"2022-02-01","Uttar Pradesh"
"Ather Energy","450X","ev_two_wheeler",97,"2022-02-01","Gujarat"
"Ola Electric","S1 Pro","ev_two_wheeler",349,"2022-02-01","Maharashtra"
"Ola Electric","S1 Pro","ev_two_wheeler",312,"2022-02-01","Karnataka"
"Ola Electric","S1 Pro","ev_two_wheeler",236,"2022-02-01","Delhi"
"Ola Electric","S1 Pro","ev_two_wheeler",247,"2022-02-01","Tamil Nadu"
"Ola Electric","S1 Pro","ev_two_wheeler",200,"2022-02-01","Uttar Pradesh"
"Ola Electric","S1 Pro","ev_two_wheeler",216,"2022-02-01","Gujarat"
"TVS Motor","iQube","ev_two_wheeler",79,"2022-02-01","Maharashtra"
"TVS Motor","iQube","ev_two_wheeler",64,"2022-02-01","Karnataka"
"TVS Motor","iQube","ev_two_wheeler",59,"2022-02-01","Delhi"
"TVS Motor","iQube","ev_two_wheeler",46,"2022-02-01","Tamil Nadu"
"TVS Motor","iQube","ev_two_wheeler",44,"2022-02-01","Uttar Pradesh"
"TVS Motor","iQube","ev_two_wheeler",44,"2022-02-01","Gujarat"
"Bajaj Auto","Chetak","ev_two_wheeler",50,"2022-02-01","Maharashtra"
"Bajaj Auto","Chetak","ev_two_wheeler",37,"2022-02-01","Karnataka"
"Bajaj Auto","Chetak","ev_two_wheeler",31,"2022-02-01","Delhi"
"Bajaj Auto","Chetak","ev_two_wheeler",30,"2022-02-01","Tamil Nadu"
"Bajaj Auto","Chetak","ev_two_wheeler",24,"2022-02-01","Uttar Pradesh"
"Bajaj Auto","Chetak","ev_two_wheeler",29,"2022-02-01","Gujarat"
"Hero Electric","Photon","ev_two_wheeler",84,"2022-02-01","Maharashtra"
"Hero Electric","Photon","ev_two_wheeler",64,"2022-02-01","Karnataka"
"Hero Electric","Photon","ev_two_wheeler",61,"2022-02-01","Delhi"
"Hero Electric","Photon","ev_two_wheeler",49,"2022-02-01","Tamil Nadu"
"Hero Electric","Photon","ev_two_wheeler",50,"2022-02-01","Uttar Pradesh"
"Hero Electric","Photon","ev_two_wheeler",40,"2022-02-01","Gujarat"
"Tata Motors","Nexon EV","ev_four_wheeler",127,"2022-02-01","Maharashtra"
"Tata Motors","Nexon EV","ev_four_wheeler",101,"2022-02-01","Karnataka"
"Tata Motors","Nexon EV","ev_four_wheeler",82,"2022-02-01","Delhi"
"Tata Motors","Nexon EV","ev_four_wheeler",73,"2022-02-01","Tamil Nadu"
"Tata Motors","Nexon EV","ev_four_wheeler",65,"2022-02-01","Uttar Pradesh"
"Tata Motors","Nexon EV","ev_four_wheeler",72,"2022-02-01","Gujarat"
"Ather Energy","450X","ev_two_wheeler",144,"2022-03-01","Maharashtra"
"Ather Energy","450X","ev_two_wheeler",118,"2022-03-01","Karnataka"
"Ather Energy","450X","ev_two_wheeler",109,"2022-03-01","Delhi"
"Ather Energy","450X","ev_two_wheeler",77,"2022-03-01","Tamil Nadu"
"Ather Energy","450X","ev_two_wheeler",78,"2022-03-01","Uttar Pradesh"
"Ather Energy","450X","ev_two_wheeler",88,"2022-03-01","Gujarat"
"Ola Electric","S1 Pro","ev_two_wheeler",348,"2022-03-01","Maharashtra"
"Ola Electric","S1 Pro","ev_two_wheeler",275,"2022-03-01","Karnataka"
"Ola Electric","S1 Pro","ev_two_wheeler",209,"2022-03-01","Delhi"
"Ola Electric","S1 Pro","ev_two_wheeler",177,"2022-03-01","Tamil Nadu"
"Ola Electric","S1 Pro","ev_two_wheeler",211,"2022-03-01","Uttar Pradesh"
"Ola Electric","S1 Pro","ev_two_wheeler",223,"2022-03-01","Gujarat"
"TVS Motor","iQube","ev_two_wheeler",66,"2022-03-01","Maharashtra"
"TVS Motor","iQube","ev_two_wheeler",63,"2022-03-01","Karnataka"
"TVS Motor","iQube","ev_two_wheeler",56,"2022-03-01","Delhi"
"TVS Motor","iQube","ev_two_wheeler",45,"2022-03-01","Tamil Nadu"
"TVS Motor","iQube","ev_two_wheeler",38,"2022-03-01","Uttar Pradesh"
"TVS Motor","iQube","ev_two_wheeler",40,"2022-03-01","Gujarat"
"Bajaj Auto","Chetak","ev_two_wheeler",39,"2022-03-01","Maharashtra"
"Bajaj Auto","Chetak","ev_two_wheeler",30,"2022-03-01","Karnataka"
"Bajaj Auto","Chetak","ev_two_wheeler",23,"2022-03-01","Delhi"
"Bajaj Auto","Chetak","ev_two_wheeler",19,"2022-03-01","Tamil Nadu"
"Bajaj Auto","Chetak","ev_two_wheeler",24,"2022-03-01","Uttar Pradesh"
"Bajaj Auto","Chetak","ev_two_wheeler",23,"2022-03-01","Gujarat"
"Hero Electric","Photon","ev_two_wheeler",58,"2022-03-01","Maharashtra"
"Hero Electric","Photon","ev_two_wheeler",56,"2022-03-01","Karnataka"
"Hero Electric","Photon","ev_two_wheeler",42,"2022-03-01","Delhi"
"Hero Electric","Photon","ev_two_wheeler",35,"2022-03-01","Tamil Nadu"
"Hero Electric","Photon","ev_two_wheeler",41,"2022-03-01","Uttar Pradesh"
"Hero Electric","Photon","ev_two_wheeler",36,"2022-03-01","Gujarat"
"Tata Motors","Nexon EV","ev_four_wheeler",116,"2022-03-01","Maharashtra"
"Tata Motors","Nexon EV","ev_four_wheeler",108,"2022-03-01","Karnataka"
"Tata Motors","Nexon EV","ev_four_wheeler",87,"2022-03-01","Delhi"
"Tata Motors","Nexon EV","ev_four_wheeler",69,"2022-03-01","Tamil Nadu"
"Tata Motors","Nexon EV","ev_four_wheeler",73,"2022-03-01","Uttar Pradesh"
"Tata Motors","Nexon EV","ev_four_wheeler",59,"2022-03-01","Gujarat"
"Ather Energy","450X","ev_two_wheeler",149,"2022-04-01","Maharashtra"
"Ather Energy","450X","ev_two_wheeler",145,"2022-04-01","Karnataka"
"Ather Energy","450X","ev_two_wheeler",90,"2022-04-01","Delhi"
"Ather Energy","450X","ev_two_wheeler",97,"2022-04-01","Tamil Nadu"
"Ather Energy","450X","ev_two_wheeler",92,"2022-04-01","Uttar Pradesh"
"Ather Energy","450X","ev_two_wheeler",97,"2022-04-01","Gujarat"
"Ola Electric","S1 Pro","ev_two_wheeler",407,"2022-04-01","Maharashtra"
"Ola Electric","S1 Pro","ev_two_wheeler",402,"2022-04-01","Karnataka"
"Ola Electric","S1 Pro","ev_two_wheeler",321,"2022-04-01","Delhi"
"Ola Electric","S1 Pro","ev_two_wheeler",237,"2022-04-01","Tamil Nadu"
"Ola Electric","S1 Pro","ev_two_wheeler",231,"2022-04-01","Uttar Pradesh"
"Ola Electric","S1 Pro","ev_two_wheeler",231,"2022-04-01","Gujarat"
"TVS Motor","iQube","ev_two_wheeler",104,"2022-04-01","Maharashtra"
"TVS Motor","iQube","ev_two_wheeler",91,"2022-04-01","Karnataka"
"TVS Motor","iQube","ev_two_wheeler",66,"2022-04-01","Delhi"
"TVS Motor","iQube","ev_two_wheeler",61,"2022-04-01","Tamil Nadu"
"TVS Motor","iQube","ev_two_wheeler",67,"2022-04-01","Uttar Pradesh"
"TVS Motor","iQube","ev_two_wheeler",64,"2022-04-01","Gujarat"
"Bajaj Auto","Chetak","ev_two_wheeler",42,"2022-04-01","Maharashtra"
"Bajaj Auto","Chetak","ev_two_wheeler",38,"2022-04-01","Karnataka"
"Bajaj Auto","Chetak","ev_two_wheeler",33,"2022-04-01","Delhi"
"Bajaj Auto","Chetak","ev_two_wheeler",26,"2022-04-01","Tamil Nadu"
"Bajaj Auto","Chetak","ev_two_wheeler",28,"2022-04-01","Uttar Pradesh"
"Bajaj Auto","Chetak","ev_two_wheeler",24,"2022-04-01","Gujarat"
"Hero Electric","Photon","ev_two_wheeler",69,"2022-04-01","Maharashtra"
"Hero Electric","Photon","ev_two_wheeler",69,"2022-04-01","Karnataka"
"Hero Electric","Photon","ev_two_wheeler",56,"2022-04-01","Delhi"
"Hero Electric","Photon","ev_two_wheeler",46,"2022-04-01","Tamil Nadu"
"Hero Electric","Photon","ev_two_wheeler",46,"2022-04-01","Uttar Pradesh"
"Hero Electric","Photon","ev_two_wheeler",51,"2022-04-01","Gujarat"
"Tata Motors","Nexon EV","ev_four_wheeler",128,"2022-04-01","Maharashtra"
"Tata Motors","Nexon EV","ev_four_wheeler",125,"2022-04-01","Karnataka"
"Tata Motors","Nexon EV","ev_four_wheeler",97,"2022-04-01","Delhi"
"Tata Motors","Nexon EV","ev_four_wheeler",77,"2022-04-01","Tamil Nadu"
"Tata Motors","Nexon EV","ev_four_wheeler",71,"2022-04-01","Uttar Pradesh"
"Tata Motors","Nexon EV","ev_four_wheeler",81,"2022-04-01","Gujarat"
"Ather Energy","450X","ev_two_wheeler",192,"2022-05-01","Maharashtra"
"Ather Energy","450X","ev_two_wheeler",140,"2022-05-01","Karnataka"
"Ather Energy","450X","ev_two_wheeler",112,"2022-05-01","Delhi"
"Ather Energy","450X","ev_two_wheeler",118,"2022-05-01","Tamil Nadu"
"Ather Energy","450X","ev_two_wheeler",108,"2022-05-01","Uttar Pradesh"
"Ather Energy","450X","ev_two_wheeler",115,"2022-05-01","Gujarat"
"Ola Electric","S1 Pro","ev_two_wheeler",440,"2022-05-01","Maharashtra"
"Ola Electric","S1 Pro","ev_two_wheeler",366,"2022-05-01","Karnataka"
"Ola Electric","S1 Pro","ev_two_wheeler",318,"2022-05-01","Delhi"
"Ola Electric","S1 Pro","ev_two_wheeler",238,"2022-05-01","Tamil Nadu"
"Ola Electric","S1 Pro","ev_two_wheeler",239,"2022-05-01","Uttar Pradesh"
"Ola Electric","S1 Pro","ev_two_wheeler",259,"2022-05-01","Gujarat"
"TVS Motor","iQube","ev_two_wheeler",109,"2022-05-01","Maharashtra"
"TVS Motor","iQube","ev_two_wheeler",76,"2022-05-01","Karnataka"
"TVS Motor","iQube","ev_two_wheeler",76,"2022-05-01","Delhi"
"TVS Motor","iQube","ev_two_wheeler",62,"2022-05-01","Tamil Nadu"
"TVS Motor","iQube","ev_two_wheeler",64,"2022-05-01","Uttar Pradesh"
"TVS Motor","iQube","ev_two_wheeler",51,"2022-05-01","Gujarat"
"Bajaj Auto","Chetak","ev_two_wheeler",52,"2022-05-01","Maharashtra"
"Bajaj Auto","Chetak","ev_two_wheeler",40,"2022-05-01","Karnataka"
"Bajaj Auto","Chetak","ev_two_wheeler",37,"2022-05-01","Delhi"
"Bajaj Auto","Chetak","ev_two_wheeler",28,"2022-05-01","Tamil Nadu"
"Bajaj Auto","Chetak","ev_two_wheeler",25,"2022-05-01","Uttar Pradesh"
"Bajaj Auto","Chetak","ev_two_wheeler",29,"2022-05-01","Gujarat"
"Hero Electric","Photon","ev_two_wheeler",74,"2022-05-01","Maharashtra"
"Hero Electric","Photon","ev_two_wheeler",68,"2022-05-01","Karnataka"
"Hero Electric","Photon","ev_two_wheeler",59,"2022-05-01","Delhi"
"Hero Electric","Photon","ev_two_wheeler",51,"2022-05-01","Tamil Nadu"
"Hero Electric","Photon","ev_two_wheeler",50,"2022-05-01","Uttar Pradesh"
"Hero Electric","Photon","ev_two_wheeler",44,"2022-05-01","Gujarat"
"Tata Motors","Nexon EV","ev_four_wheeler",153,"2022-05-01","Maharashtra"
"Tata Motors","Nexon EV","ev_four_wheeler",121,"2022-05-01","Karnataka"
"Tata Motors","Nexon EV","ev_four_wheeler",108,"2022-05-01","Delhi"
"Tata Motors","Nexon EV","ev_four_wheeler",89,"2022-05-01","Tamil Nadu"
"Tata Motors","Nexon EV","ev_four_wheeler",100,"2022-05-01","Uttar Pradesh"
"Tata Motors","Nexon EV","ev_four_wheeler",106,"2022-05-01","Gujarat"
"Ather Energy","450X","ev_two_wheeler",152,"2022-06-01","Maharashtra"
"Ather Energy","450X","ev_two_wheeler",122,"2022-06-01","Karnataka"
"Ather Energy","450X","ev_two_wheeler",122,"2022-06-01","Delhi"
"Ather Energy","450X","ev_two_wheeler",100,"2022-06-01","Tamil Nadu"
"Ather Energy","450X","ev_two_wheeler",94,"2022-06-01","Uttar Pradesh"
"Ather Energy","450X","ev_two_wheeler",82,"2022-06-01","Gujarat"
"Ola Electric","S1 Pro","ev_two_wheeler",405,"2022-06-01","Maharashtra"
"Ola Electric","S1 Pro","ev_two_wheeler",407,"2022-06-01","Karnataka"
"Ola Electric","S1 Pro","ev_two_wheeler",353,"2022-06-01","Delhi"
"Ola Electric","S1 Pro","ev_two_wheeler",257,"2022-06-01","Tamil Nadu"
"Ola Electric","S1 Pro","ev_two_wheeler",280,"2022-06-01","Uttar Pradesh"
"Ola Electric","S1 Pro","ev_two_wheeler",275,"2022-06-01","Gujarat"
"TVS Motor","iQube","ev_two_wheeler",122,"2022-06-01","Maharashtra"
"TVS Motor","iQube","ev_two_wheeler",111,"2022-06-01","Karnataka"
"TVS Motor","iQube","ev_two_wheeler",81,"2022-06-01","Delhi"
"TVS Motor","iQube","ev_two_wheeler",59,"2022-06-01","Tamil Nadu"
"TVS Motor","iQube","ev_two_wheeler",66,"2022-06-01","Uttar Pradesh"
"TVS Motor","iQube","ev_two_wheeler",66,"2022-06-01","Gujarat"
"Bajaj Auto","Chetak","ev_two_wheeler",50,"2022-06-01","Maharashtra"
"Bajaj Auto","Chetak","ev_two_wheeler",41,"2022-06-01","Karnataka"
"Bajaj Auto","Chetak","ev_two_wheeler",36,"2022-06-01","Delhi"
"Bajaj Auto","Chetak","ev_two_wheeler",24,"2022-06-01","Tamil Nadu"
"Bajaj Auto","Chetak","ev_two_wheeler",24,"2022-06-01","Uttar Pradesh"
"Bajaj Auto","Chetak","ev_two_wheeler",30,"2022-06-01","Gujarat"
"Hero Electric","Photon","ev_two_wheeler",68,"2022-06-01","Maharashtra"
"Hero Electric","Photon","ev_two_wheeler",60,"2022-06-01","Karnataka"
"Hero Electric","Photon","ev_two_wheeler",55,"2022-06-01","Delhi"
"Hero Electric","Photon","ev_two_wheeler",37,"2022-06-01","Tamil Nadu"
"Hero Electric","Photon","ev_two_wheeler",38,"2022-06-01","Uttar Pradesh"
"Hero Electric","Photon","ev_two_wheeler",42,"2022-06-01","Gujarat"
"Tata Motors","Nexon EV","ev_four_wheeler",181,"2022-06-01","Maharashtra"
"Tata Motors","Nexon EV","ev_four_wheeler",132,"2022-06-01","Karnataka"
"Tata Motors","Nexon EV","ev_four_wheeler",102,"2022-06-01","Delhi"
"Tata Motors","Nexon EV","ev_four_wheeler",103,"2022-06-01","Tamil Nadu"
"Tata Motors","Nexon EV","ev_four_wheeler",88,"2022-06-01","Uttar Pradesh"
"Tata Motors","Nexon EV","ev_four_wheeler",87,"2022-06-01","Gujarat"
"Ather Energy","450X","ev_two_wheeler",210,"2022-07-01","Maharashtra"
"Ather Energy","450X","ev_two_wheeler",157,"2022-07-01","Karnataka"
"Ather Energy","450X","ev_two_wheeler",125,"2022-07-01","Delhi"
"Ather Energy","450X","ev_two_wheeler",118,"2022-07-01","Tamil Nadu"
"Ather Energy","450X","ev_two_wheeler",103,"2022-07-01","Uttar Pradesh"
"Ather Energy","450X","ev_two_wheeler",104,"2022-07-01","Gujarat"
"Ola Electric","S1 Pro","ev_two_wheeler",522,"2022-07-01","Maharashtra"
"Ola Electric","S1 Pro","ev_two_wheeler",487,"2022-07-01","Karnataka"
"Ola Electric","S1 Pro","ev_two_wheeler",353,"2022-07-01","Delhi"
"Ola Electric","S1 Pro","ev_two_wheeler",257,"2022-07-01","Tamil Nadu"
"Ola Electric","S1 Pro","ev_two_wheeler",301,"2022-07-01","Uttar Pradesh"
"Ola Electric","S1 Pro","ev_two_wheeler",254,"2022-07-01","Gujarat"
"TVS Motor","iQube","ev_two_wheeler",102,"2022-07-01","Maharashtra"
"TVS Motor","iQube","ev_two_wheeler",101,"2022-07-01","Karnataka"
"TVS Motor","iQube","ev_two_wheeler",86,"2022-07-01","Delhi"
"TVS Motor","iQube","ev_two_wheeler",65,"2022-07-01","Tamil Nadu"
"TVS Motor","iQube","ev_two_wheeler",61,"2022-07-01","Uttar Pradesh"
"TVS Motor","iQube","ev_two_wheeler",71,"2022-07-01","Gujarat"
"Bajaj Auto","Chetak","ev_two_wheeler",48,"2022-07-01","Maharashtra"
"Bajaj Auto","Chetak","ev_two_wheeler",45,"2022-07-01","Karnataka"
"Bajaj Auto","Chetak","ev_two_wheeler",32,"2022-07-01","Delhi"
"Bajaj Auto","Chetak","ev_two_wheeler",35,"2022-07-01","Tamil Nadu"
"Bajaj Auto","Chetak","ev_two_wheeler",35,"2022-07-01","Uttar Pradesh"
"Bajaj Auto","Chetak","ev_two_wheeler",29,"2022-07-01","Gujarat"
"Hero Electric","Photon","ev_two_wheeler",62,"2022-07-01","Maharashtra"
"Hero Electric","Photon","ev_two_wheeler",59,"2022-07-01","Karnataka"
"Hero Electric","Photon","ev_two_wheeler",57,"2022-07-01","Delhi"
"Hero Electric","Photon","ev_two_wheeler",42,"2022-07-01","Tamil Nadu"
"Hero Electric","Photon","ev_two_wheeler",41,"2022-07-01","Uttar Pradesh"
"Hero Electric","Photon","ev_two_wheeler",46,"2022-07-01","Gujarat"
"Tata Motors","Nexon EV","ev_four_wheeler",169,"2022-07-01","Maharashtra"
"Tata Motors","Nexon EV","ev_four_wheeler",138,"2022-07-01","Karnataka"
"Tata Motors","Nexon EV","ev_four_wheeler",103,"2022-07-01","Delhi"
"Tata Motors","Nexon EV","ev_four_wheeler",106,"2022-07-01","Tamil Nadu"
"Tata Motors","Nexon EV","ev_four_wheeler",91,"2022-07-01","Uttar Pradesh"
"Tata Motors","Nexon EV","ev_four_wheeler",106,"2022-07-01","Gujarat"
"Ather Energy","450X","ev_two_wheeler",195,"2022-08-01","Maharashtra"
"Ather Energy","450X","ev_two_wheeler",182,"2022-08-01","Karnataka"
"Ather Energy","450X","ev_two_wheeler",141,"2022-08-01","Delhi"
"Ather Energy","450X","ev_two_wheeler",123,"2022-08-01","Tamil Nadu"
"Ather Energy","450X","ev_two_wheeler",138,"2022-08-01","Uttar Pradesh"
"Ather Energy","450X","ev_two_wheeler",105,"2022-08-01","Gujarat"
"Ola Electric","S1 Pro","ev_two_wheeler",501,"2022-08-01","Maharashtra"
"Ola Electric","S1 Pro","ev_two_wheeler",396,"2022-08-01","Karnataka"
"Ola Electric","S1 Pro","ev_two_wheeler",362,"2022-08-01","Delhi"
"Ola Electric","S1 Pro","ev_two_wheeler",270,"2022-08-01","Tamil Nadu"
"Ola Electric","S1 Pro","ev_two_wheeler",274,"2022-08-01","Uttar Pradesh"
"Ola Electric","S1 Pro","ev_two_wheeler",277,"2022-08-01","Gujarat"
"Ola Electric","S1 Pro","ev_two_wheeler",22,"2022-08-01","Rajasthan"
"TVS Motor","iQube","ev_two_wheeler",99,"2022-08-01","Maharashtra"
"TVS Motor","iQube","ev_two_wheeler",88,"2022-08-01","Karnataka"
"TVS Motor","iQube","ev_two_wheeler",89,"2022-08-01","Delhi"
"TVS Motor","iQube","ev_two_wheeler",63,"2022-08-01","Tamil Nadu"
"TVS Motor","iQube","ev_two_wheeler",65,"2022-08-01","Uttar Pradesh"
"TVS Motor","iQube","ev_two_wheeler",64,"2022-08-01","Gujarat"
"Bajaj Auto","Chetak","ev_two_wheeler",49,"2022-08-01","Maharashtra"
"Bajaj Auto","Chetak","ev_two_wheeler",53,"2022-08-01","Karnataka"
"Bajaj Auto","Chetak","ev_two_wheeler",44,"2022-08-01","Delhi"
"Bajaj Auto","Chetak","ev_two_wheeler",28,"2022-08-01","Tamil Nadu"
"Bajaj Auto","Chetak","ev_two_wheeler",28,"2022-08-01","Uttar Pradesh"
"Bajaj Auto","Chetak","ev_two_wheeler",35,"2022-08-01","Gujarat"
"Hero Electric","Photon","ev_two_wheeler",60,"2022-08-01","Maharashtra"
"Hero Electric","Photon","ev_two_wheeler",61,"2022-08-01","Karnataka"
"Hero Electric","Photon","ev_two_wheeler",42,"2022-08-01","Delhi"
"Hero Electric","Photon","ev_two_wheeler",44,"2022-08-01","Tamil Nadu"
"Hero Electric","Photon","ev_two_wheeler",43,"2022-08-01","Uttar Pradesh"
"Hero Electric","Photon","ev_two_wheeler",37,"2022-08-01","Gujarat"
"Tata Motors","Nexon EV","ev_four_wheeler",166,"2022-08-01","Maharashtra"
"Tata Motors","Nexon EV","ev_four_wheeler",140,"2022-08-01","Karnataka"
"Tata Motors","Nexon EV","ev_four_wheeler",115,"2022-08-01","Delhi"
"Tata Motors","Nexon EV","ev_four_wheeler",86,"2022-08-01","Tamil Nadu"
"Tata Motors","Nexon EV","ev_four_wheeler",100,"2022-08-01","Uttar Pradesh"
"Tata Motors","Nexon EV","ev_four_wheeler",95,"2022-08-01","Gujarat"
"Ather Energy","450X","ev_two_wheeler",198,"2022-09-01","Maharashtra"
"Ather Energy","450X","ev_two_wheeler",164,"2022-09-01","Karnataka"
"Ather Energy","450X","ev_two_wheeler",160,"2022-09-01","Delhi"
"Ather Energy","450X","ev_two_wheeler",126,"2022-09-01","Tamil Nadu"
"Ather Energy","450X","ev_two_wheeler",112,"2022-09-01","Uttar Pradesh"
"Ather Energy","450X","ev_two_wheeler",121,"2022-09-01","Gujarat"
"Ola Electric","S1 Pro","ev_two_wheeler",560,"2022-09-01","Maharashtra"
"Ola Electric","S1 Pro","ev_two_wheeler",607,"2022-09-01","Karnataka"
"Ola Electric","S1 Pro","ev_two_wheeler",508,"2022-09-01","Delhi"
"Ola Electric","S1 Pro","ev_two_wheeler",375,"2022-09-01","Tamil Nadu"
"Ola Electric","S1 Pro","ev_two_wheeler",350,"2022-09-01","Uttar Pradesh"
"Ola Electric","S1 Pro","ev_two_wheeler",367,"2022-09-01","Gujarat"
"TVS Motor","iQube","ev_two_wheeler",112,"2022-09-01","Maharashtra"
"TVS Motor","iQube","ev_two_wheeler",96,"2022-09-01","Karnataka"
"TVS Motor","iQube","ev_two_wheeler",86,"2022-09-01","Delhi"
"TVS Motor","iQube","ev_two_wheeler",81,"2022-09-01","Tamil Nadu"
"TVS Motor","iQube","ev_two_wheeler",66,"2022-09-01","Uttar Pradesh"
"TVS Motor","iQube","ev_two_wheeler",70,"2022-09-01","Gujarat"
"Bajaj Auto","Chetak","ev_two_wheeler",55,"2022-09-01","Maharashtra"
"Bajaj Auto","Chetak","ev_two_wheeler",49,"2022-09-01","Karnataka"
"Bajaj Auto","Chetak","ev_two_wheeler",46,"2022-09-01","Delhi"
"Bajaj Auto","Chetak","ev_two_wheeler",38,"2022-09-01","Tamil Nadu"
"Bajaj Auto","Chetak","ev_two_wheeler",39,"2022-09-01","Uttar Pradesh"
"Bajaj Auto","Chetak","ev_two_wheeler",32,"2022-09-01","Gujarat"
"Hero Electric","Photon","ev_two_wheeler",72,"2022-09-01","Maharashtra"
"Hero Electric","Photon","ev_two_wheeler",53,"2022-09-01","Karnataka"
"Hero Electric","Photon","ev_two_wheeler",48,"2022-09-01","Delhi"
"Hero Electric","Photon","ev_two_wheeler",45,"2022-09-01","Tamil Nadu"
"Hero Electric","Photon","ev_two_wheeler",41,"2022-09-01","Uttar Pradesh"
"Hero Electric","Photon","ev_two_wheeler",39,"2022-09-01","Gujarat"
"Tata Motors","Nexon EV","ev_four_wheeler",215,"2022-09-01","Maharashtra"
"Tata Motors","Nexon EV","ev_four_wheeler",185,"2022-09-01","Karnataka"
"Tata Motors","Nexon EV","ev_four_wheeler",122,"2022-09-01","Delhi"
"Tata Motors","Nexon EV","ev_four_wheeler",127,"2022-09-01","Tamil Nadu"
"Tata Motors","Nexon EV","ev_four_wheeler",135,"2022-09-01","Uttar Pradesh"
"Tata Motors","Nexon EV","ev_four_wheeler",114,"2022-09-01","Gujarat"
"Ather Energy","450X","ev_two_wheeler",259,"2022-10-01","Maharashtra"
"Ather Energy","450X","ev_two_wheeler",219,"2022-10-01","Karnataka"
"Ather Energy","450X","ev_two_wheeler",215,"2022-10-01","Delhi"
"Ather Energy","450X","ev_two_wheeler",148,"2022-10-01","Tamil Nadu"
"Ather Energy","450X","ev_two_wheeler",175,"2022-10-01","Uttar Pradesh"
"Ather Energy","450X","ev_two_wheeler",182,"2022-10-01","Gujarat"
"Ola Electric","S1 Pro","ev_two_wheeler",930,"2022-10-01","Maharashtra"
"Ola Electric","S1 Pro","ev_two_wheeler",906,"2022-10-01","Karnataka"
"Ola Electric","S1 Pro","ev_two_wheeler",716,"2022-10-01","Delhi"
"Ola Electric","S1 Pro","ev_two_wheeler",484,"2022-10-01","Tamil Nadu"
"Ola Electric","S1 Pro","ev_two_wheeler",618,"2022-10-01","Uttar Pradesh"
"Ola Electric","S1 Pro","ev_two_wheeler",478,"2022-10-01","Gujarat"
"TVS Motor","iQube","ev_two_wheeler",205,"2022-10-01","Maharashtra"
"TVS Motor","iQube","ev_two_wheeler",182,"2022-10-01","Karnataka"
"TVS Motor","iQube","ev_two_wheeler",114,"2022-10-01","Delhi"
"TVS Motor","iQube","ev_two_wheeler",105,"2022-10-01","Tamil Nadu"
"TVS Motor","iQube","ev_two_wheeler",123,"2022-10-01","Uttar Pradesh"
"TVS Motor","iQube","ev_two_wheeler",103,"2022-10-01","Gujarat"
"Bajaj Auto","Chetak","ev_two_wheeler",76,"2022-10-01","Maharashtra"
"Bajaj Auto","Chetak","ev_two_wheeler",70,"2022-10-01","Karnataka"
"Bajaj Auto","Chetak","ev_two_wheeler",51,"2022-10-01","Delhi"
"Bajaj Auto","Chetak","ev_two_wheeler",38,"2022-10-01","Tamil Nadu"
"Bajaj Auto","Chetak","ev_two_wheeler",37,"2022-10-01","Uttar Pradesh"
"Bajaj Auto","Chetak","ev_two_wheeler",42,"2022-10-01","Gujarat"
"Hero Electric","Photon","ev_two_wheeler",85,"2022-10-01","Maharashtra"
"Hero Electric","Photon","ev_two_wheeler",94,"2022-10-01","Karnataka"
"Hero Electric","Photon","ev_two_wheeler",59,"2022-10-01","Delhi"
"Hero Electric","Photon","ev_two_wheeler",49,"2022-10-01","Tamil Nadu"
"Hero Electric","Photon","ev_two_wheeler",64,"2022-10-01","Uttar Pradesh"
"Hero Electric","Photon","ev_two_wheeler",50,"2022-10-01","Gujarat"
"Tata Motors","Nexon EV","ev_four_wheeler",311,"2022-10-01","Maharashtra"
"Tata Motors","Nexon EV","ev_four_wheeler",242,"2022-10-01","Karnataka"
"Tata Motors","Nexon EV","ev_four_wheeler",206,"2022-10-01","Delhi"
"Tata Motors","Nexon EV","ev_four_wheeler",167,"2022-10-01","Tamil Nadu"
"Tata Motors","Nexon EV","ev_four_wheeler",153,"2022-10-01","Uttar Pradesh"
"Tata Motors","Nexon EV","ev_four_wheeler",171,"2022-10-01","Gujarat"
"Ather Energy","450X","ev_two_wheeler",270,"2022-11-01","Maharashtra"
"Ather Energy","450X","ev_two_wheeler",262,"2022-11-01","Karnataka"
"Ather Energy","450X","ev_two_wheeler",204,"2022-11-01","Delhi"
"Ather Energy","450X","ev_two_wheeler",159,"2022-11-01","Tamil Nadu"
"Ather Energy","450X","ev_two_wheeler",166,"2022-11-01","Uttar Pradesh"
"Ather Energy","450X","ev_two_wheeler",153,"2022-11-01","Gujarat"
"Ola Electric","S1 Pro","ev_two_wheeler",1005,"2022-11-01","Maharashtra"
"Ola Electric","S1 Pro","ev_two_wheeler",850,"2022-11-01","Karnataka"
"Ola Electric","S1 Pro","ev_two_wheeler",659,"2022-11-01","Delhi"
"Ola Electric","S1 Pro","ev_two_wheeler",636,"2022-11-01","Tamil Nadu"
"Ola Electric","S1 Pro","ev_two_wheeler",571,"2022-11-01","Uttar Pradesh"
"Ola Electric","S1 Pro","ev_two_wheeler",554,"2022-11-01","Gujarat"
"TVS Motor","iQube","ev_two_wheeler",196,"2022-11-01","Maharashtra"
"TVS Motor","iQube","ev_two_wheeler",170,"2022-11-01","Karnataka"
"TVS Motor","iQube","ev_two_wheeler",147,"2022-11-01","Delhi"
"TVS Motor","iQube","ev_two_wheeler",117,"2022-11-01","Tamil Nadu"
"TVS Motor","iQube","ev_two_wheeler",115,"2022-11-01","Uttar Pradesh"
"TVS Motor","iQube","ev_two_wheeler",118,"2022-11-01","Gujarat"
"Bajaj Auto","Chetak","ev_two_wheeler",67,"2022-11-01","Maharashtra"
"Bajaj Auto","Chetak","ev_two_wheeler",71,"2022-11-01","Karnataka"
"Bajaj Auto","Chetak","ev_two_wheeler",53,"2022-11-01","Delhi"
"Bajaj Auto","Chetak","ev_two_wheeler",45,"2022-11-01","Tamil Nadu"
"Bajaj Auto","Chetak","ev_two_wheeler",51,"2022-11-01","Uttar Pradesh"
"Bajaj Auto","Chetak","ev_two_wheeler",48,"2022-11-01","Gujarat"
"Hero Electric","Photon","ev_two_wheeler",77,"2022-11-01","Maharashtra"
"Hero Electric","Photon","ev_two_wheeler",78,"2022-11-01","Karnataka"
"Hero Electric","Photon","ev_two_wheeler",55,"2022-11-01","Delhi"
"Hero Electric","Photon","ev_two_wheeler",43,"2022-11-01","Tamil Nadu"
"Hero Electric","Photon","ev_two_wheeler",46,"2022-11-01","Uttar Pradesh"
"Hero Electric","Photon","ev_two_wheeler",41,"2022-11-01","Gujarat"
"Tata Motors","Nexon EV","ev_four_wheeler",325,"2022-11-01","Maharashtra"
"Tata Motors","Nexon EV","ev_four_wheeler",252,"2022-11-01","Karnataka"
"Tata Motors","Nexon EV","ev_four_wheeler",215,"2022-11-01","Delhi"
"Tata Motors","Nexon EV","ev_four_wheeler",178,"2022-11-01","Tamil Nadu"
"Tata Motors","Nexon EV","ev_four_wheeler",172,"2022-11-01","Uttar Pradesh"
"Tata Motors","Nexon EV","ev_four_wheeler",221,"2022-11-01","Gujarat"
"Ather Energy","450X","ev_two_wheeler",214,"2022-12-01","Maharashtra"
"Ather Energy","450X","ev_two_wheeler",207,"2022-12-01","Karnataka"
"Ather Energy","450X","ev_two_wheeler",181,"2022-12-01","Delhi"
"Ather Energy","450X","ev_two_wheeler",126,"2022-12-01","Tamil Nadu"
"Ather Energy","450X","ev_two_wheeler",131,"2022-12-01","Uttar Pradesh"
"Ather Energy","450X","ev_two_wheeler",126,"2022-12-01","Gujarat"
"Ola Electric","S1 Pro","ev_two_wheeler",884,"2022-12-01","Maharashtra"
"Ola Electric","S1 Pro","ev_two_wheeler",705,"2022-12-01","Karnataka"
"Ola Electric","S1 Pro","ev_two_wheeler",512,"2022-12-01","Delhi"
"Ola Electric","S1 Pro","ev_two_wheeler",475,"2022-12-01","Tamil Nadu"
"Ola Electric","S1 Pro","ev_two_wheeler",429,"2022-12-01","Uttar Pradesh"
"Ola Electric","S1 Pro","ev_two_wheeler",497,"2022-12-01","Gujarat"
"TVS Motor","iQube","ev_two_wheeler",159,"2022-12-01","Maharashtra"
"TVS Motor","iQube","ev_two_wheeler",120,"2022-12-01","Karnataka"
"TVS Motor","iQube","ev_two_wheeler",97,"2022-12-01","Delhi"
"TVS Motor","iQube","ev_two_wheeler",81,"2022-12-01","Tamil Nadu"
"TVS Motor","iQube","ev_two_wheeler",77,"2022-12-01","Uttar Pradesh"
"TVS Motor","iQube","ev_two_wheeler",89,"2022-12-01","Gujarat"
"Bajaj Auto","Chetak","ev_two_wheeler",71,"2022-12-01","Maharashtra"
"Bajaj Auto","Chetak","ev_two_wheeler",52,"2022-12-01","Karnataka"
"Bajaj Auto","Chetak","ev_two_wheeler",40,"2022-12-01","Delhi"
"Bajaj Auto","Chetak","ev_two_wheeler",40,"2022-12-01","Tamil Nadu"
"Bajaj Auto","Chetak","ev_two_wheeler",40,"2022-12-01","Uttar Pradesh"
"Bajaj Auto","Chetak","ev_two_wheeler",38,"2022-12-01","Gujarat"
"Hero Electric","Photon","ev_two_wheeler",59,"2022-12-01","Maharashtra"
"Hero Electric","Photon","ev_two_wheeler",57,"2022-12-01","Karnataka"
"Hero Electric","Photon","ev_two_wheeler",47,"2022-12-01","Delhi"
"Hero Electric","Photon","ev_two_wheeler",41,"2022-12-01","Tamil Nadu"
"Hero Electric","Photon","ev_two_wheeler",38,"2022-12-01","Uttar Pradesh"
"Hero Electric","Photon","ev_two_wheeler",46,"2022-12-01","Gujarat"
"Tata Motors","Nexon EV","ev_four_wheeler",271,"2022-12-01","Maharashtra"
"Tata Motors","Nexon EV","ev_four_wheeler",211,"2022-12-01","Karnataka"
"Tata Motors","Nexon EV","ev_four_wheeler",208,"2022-12-01","Delhi"
"Tata Motors","Nexon EV","ev_four_wheeler",132,"2022-12-01","Tamil Nadu"
"Tata Motors","Nexon EV","ev_four_wheeler",162,"2022-12-01","Uttar Pradesh"
"Tata Motors","Nexon EV","ev_four_wheeler",135,"2022-12-01","Gujarat"
"Ather Energy","450X","ev_two_wheeler",272,"2023-01-01","Maharashtra"
"Ather Energy","450X","ev_two_wheeler",229,"2023-01-01","Karnataka"
"Ather Energy","450X","ev_two_wheeler",158,"2023-01-01","Delhi"
"Ather Energy","450X","ev_two_wheeler",143,"2023-01-01","Tamil Nadu"
"Ather Energy","450X","ev_two_wheeler",156,"2023-01-01","Uttar Pradesh"
"Ather Energy","450X","ev_two_wheeler",149,"2023-01-01","Gujarat"
"Ola Electric","S1 Pro","ev_two_wheeler",969,"2023-01-01","Maharashtra"
"Ola Electric","S1 Pro","ev_two_wheeler",868,"2023-01-01","Karnataka"
"Ola Electric","S1 Pro","ev_two_wheeler",680,"2023-01-01","Delhi"
"Ola Electric","S1 Pro","ev_two_wheeler",576,"2023-01-01","Tamil Nadu"
"Ola Electric","S1 Pro","ev_two_wheeler",486,"2023-01-01","Uttar Pradesh"
"Ola Electric","S1 Pro","ev_two_wheeler",447,"2023-01-01","Gujarat"
"TVS Motor","iQube","ev_two_wheeler",141,"2023-01-01","Maharashtra"
"TVS Motor","iQube","ev_two_wheeler",126,"2023-01-01","Karnataka"
"TVS Motor","iQube","ev_two_wheeler",94,"2023-01-01","Delhi"
"TVS Motor","iQube","ev_two_wheeler",83,"2023-01-01","Tamil Nadu"
"TVS Motor","iQube","ev_two_wheeler",88,"2023-01-01","Uttar Pradesh"
"TVS Motor","iQube","ev_two_wheeler",82,"2023-01-01","Gujarat"
"Bajaj Auto","Chetak","ev_two_wheeler",58,"2023-01-01","Maharashtra"
"Bajaj Auto","Chetak","ev_two_wheeler",59,"2023-01-01","Karnataka"
"Bajaj Auto","Chetak","ev_two_wheeler",39,"2023-01-01","Delhi"
"Bajaj Auto","Chetak","ev_two_wheeler",35,"2023-01-01","Tamil Nadu"
"Bajaj Auto","Chetak","ev_two_wheeler",40,"2023-01-01","Uttar Pradesh"
"Bajaj Auto","Chetak","ev_two_wheeler",39,"2023-01-01","Gujarat"
"Hero Electric","Photon","ev_two_wheeler",76,"2023-01-01","Maharashtra"
"Hero Electric","Photon","ev_two_wheeler",62,"2023-01-01","Karnataka"
"Hero Electric","Photon","ev_two_wheeler",44,"2023-01-01","Delhi"
"Hero Electric","Photon","ev_two_wheeler",37,"2023-01-01","Tamil Nadu"
"Hero Electric","Photon","ev_two_wheeler",35,"2023-01-01","Uttar Pradesh"
"Hero Electric","Photon","ev_two_wheeler",37,"2023-01-01","Gujarat"
"Tata Motors","Nexon EV","ev_four_wheeler",218,"2023-01-01","Maharashtra"
"Tata Motors","Nexon EV","ev_four_wheeler",218,"2023-01-01","Karnataka"
"Tata Motors","Nexon EV","ev_four_wheeler",150,"2023-01-01","Delhi"
"Tata Motors","Nexon EV","ev_four_wheeler",143,"2023-01-01","Tamil Nadu"
"Tata Motors","Nexon EV","ev_four_wheeler",148,"2023-01-01","Uttar Pradesh"
"Tata Motors","Nexon EV","ev_four_wheeler",135,"2023-01-01","Gujarat"
"Mahindra & Mahindra","XUV400","ev_four_wheeler",20,"2023-01-01","Maharashtra"
"Mahindra & Mahindra","XUV400","ev_four_wheeler",20,"2023-01-01","Karnataka"
"Mahindra & Mahindra","XUV400","ev_four_wheeler",19,"2023-01-01","Delhi"
"Mahindra & Mahindra","XUV400","ev_four_wheeler",16,"2023-01-01","Tamil Nadu"
"Mahindra & Mahindra","XUV400","ev_four_wheeler",12,"2023-01-01","Uttar Pradesh"
"Mahindra & Mahindra","XUV400","ev_four_wheeler",14,"2023-01-01","Gujarat"
"Ather Energy","450X","ev_two_wheeler",234,"2023-02-01","Maharashtra"
"Ather Energy","450X","ev_two_wheeler",195,"2023-02-01","Karnataka"
"Ather Energy","450X","ev_two_wheeler",164,"2023-02-01","Delhi"
"Ather Energy","450X","ev_two_wheeler",126,"2023-02-01","Tamil Nadu"
"Ather Energy","450X","ev_two_wheeler",126,"2023-02-01","Uttar Pradesh"
"Ather Energy","450X","ev_two_wheeler",157,"2023-02-01","Gujarat"
"Ola Electric","S1 Pro","ev_two_wheeler",931,"2023-02-01","Maharashtra"
"Ola Electric","S1 Pro","ev_two_wheeler",653,"2023-02-01","Karnataka"
"Ola Electric","S1 Pro","ev_two_wheeler",523,"2023-02-01","Delhi"
"Ola Electric","S1 Pro","ev_two_wheeler",417,"2023-02-01","Tamil Nadu"
"Ola Electric","S1 Pro","ev_two_wheeler",544,"2023-02-01","Uttar Pradesh"
"Ola Electric","S1 Pro","ev_two_wheeler",472,"2023-02-01","Gujarat"
"TVS Motor","iQube","ev_two_wheeler",169,"2023-02-01","Maharashtra"
"TVS Motor","iQube","ev_two_wheeler",155,"2023-02-01","Karnataka"
"TVS Motor","iQube","ev_two_wheeler",132,"2023-02-01","Delhi"
"TVS Motor","iQube","ev_two_wheeler",90,"2023-02-01","Tamil Nadu"
"TVS Motor","iQube","ev_two_wheeler",90,"2023-02-01","Uttar Pradesh"
"TVS Motor","iQube","ev_two_wheeler",89,"2023-02-01","Gujarat"
"Bajaj Auto","Chetak","ev_two_wheeler",74,"2023-02-01","Maharashtra"
"Bajaj Auto","Chetak","ev_two_wheeler",66,"2023-02-01","Karnataka"
"Bajaj Auto","Chetak","ev_two_wheeler",52,"2023-02-01","Delhi"
"Bajaj Auto","Chetak","ev_two_wheeler",38,"2023-02-01","Tamil Nadu"
"Bajaj Auto","Chetak","ev_two_wheeler",35,"2023-02-01","Uttar Pradesh"
"Bajaj Auto","Chetak","ev_two_wheeler",38,"2023-02-01","Gujarat"
"Hero Electric","Photon","ev_two_wheeler",63,"2023-02-01","Maharashtra"
"Hero Electric","Photon","ev_two_wheeler",58,"2023-02-01","Karnataka"
"Hero Electric","Photon","ev_two_wheeler",53,"2023-02-01","Delhi"
"Hero Electric","Photon","ev_two_wheeler",35,"2023-02-01","Tamil Nadu"
"Hero Electric","Photon","ev_two_wheeler",34,"2023-02-01","Uttar Pradesh"
"Hero Electric","Photon","ev_two_wheeler",43,"2023-02-01","Gujarat"
"Tata Motors","Nexon EV","ev_four_wheeler",244,"2023-02-01","Maharashtra"
"Tata Motors","Nexon EV","ev_four_wheeler",206,"2023-02-01","Karnataka"
"Tata Motors","Nexon EV","ev_four_wheeler",206,"2023-02-01","Delhi"
"Tata Motors","Nexon EV","ev_four_wheeler",135,"2023-02-01","Tamil Nadu"
"Tata Motors","Nexon EV","ev_four_wheeler",151,"2023-02-01","Uttar Pradesh"
"Tata Motors","Nexon EV","ev_four_wheeler",133,"2023-02-01","Gujarat"
"Mahindra & Mahindra","XUV400","ev_four_wheeler",29,"2023-02-01","Maharashtra"
"Mahindra & Mahindra","XUV400","ev_four_wheeler",22,"2023-02-01","Karnataka"
"Mahindra & Mahindra","XUV400","ev_four_wheeler",19,"2023-02-01","Delhi"
"Mahindra & Mahindra","XUV400","ev_four_wheeler",14,"2023-02-01","Tamil Nadu"
"Mahindra & Mahindra","XUV400","ev_four_wheeler",14,"2023-02-01","Uttar Pradesh"
"Mahindra & Mahindra","XUV400","ev_four_wheeler",18,"2023-02-01","Gujarat"
"Ather Energy","450X","ev_two_wheeler",250,"2023-03-01","Maharashtra"
"Ather Energy","450X","ev_two_wheeler",232,"2023-03-01","Karnataka"
"Ather Energy","450X","ev_two_wheeler",161,"2023-03-01","Delhi"
"Ather Energy","450X","ev_two_wheeler",124,"2023-03-01","Tamil Nadu"
"Ather Energy","450X","ev_two_wheeler",122,"2023-03-01","Uttar Pradesh"
"Ather Energy","450X","ev_two_wheeler",125,"2023-03-01","Gujarat"
"Ola Electric","S1 Pro","ev_two_wheeler",712,"2023-03-01","Maharashtra"
"Ola Electric","S1 Pro","ev_two_wheeler",596,"2023-03-01","Karnataka"
"Ola Electric","S1 Pro","ev_two_wheeler",562,"2023-03-01","Delhi"
"Ola Electric","S1 Pro","ev_two_wheeler",453,"2023-03-01","Tamil Nadu"
"Ola Electric","S1 Pro","ev_two_wheeler",497,"2023-03-01","Uttar Pradesh"
"Ola Electric","S1 Pro","ev_two_wheeler",494,"2023-03-01","Gujarat"
"TVS Motor","iQube","ev_two_wheeler",128,"2023-03-01","Maharashtra"
"TVS Motor","iQube","ev_two_wheeler",116,"2023-03-01","Karnataka"
"TVS Motor","iQube","ev_two_wheeler",99,"2023-03-01","Delhi"
"TVS Motor","iQube","ev_two_wheeler",87,"2023-03-01","Tamil Nadu"
"TVS Motor","iQube","ev_two_wheeler",78,"2023-03-01","Uttar Pradesh"
"TVS Motor","iQube","ev_two_wheeler",84,"2023-03-01","Gujarat"
"TVS Motor","iQube","ev_two_wheeler",7,"2023-03-01","Rajasthan"
"Bajaj Auto","Chetak","ev_two_wheeler",55,"2023-03-01","Maharashtra"
"Bajaj Auto","Chetak","ev_two_wheeler",56,"2023-03-01","Karnataka"
"Bajaj Auto","Chetak","ev_two_wheeler",44,"2023-03-01","Delhi"
"Bajaj Auto","Chetak","ev_two_wheeler",40,"2023-03-01","Tamil Nadu"
"Bajaj Auto","Chetak","ev_two_wheeler",37,"2023-03-01","Uttar Pradesh"
"Bajaj Auto","Chetak","ev_two_wheeler",41,"2023-03-01","Gujarat"
"Hero Electric","Photon","ev_two_wheeler",41,"2023-03-01","Maharashtra"
"Hero Electric","Photon","ev_two_wheeler",46,"2023-03-01","Karnataka"
"Hero Electric","Photon","ev_two_wheeler",32,"2023-03-01","Delhi"
"Hero Electric","Photon","ev_two_wheeler",28,"2023-03-01","Tamil Nadu"
"Hero Electric","Photon","ev_two_wheeler",25,"2023-03-01","Uttar Pradesh"
"Hero Electric","Photon","ev_two_wheeler",27,"2023-03-01","Gujarat"
"Tata Motors","Nexon EV","ev_four_wheeler",254,"2023-03-01","Maharashtra"
"Tata Motors","Nexon EV","ev_four_wheeler",196,"2023-03-01","Karnataka"
"Tata Motors","Nexon EV","ev_four_wheeler",171,"2023-03-01","Delhi"
"Tata Motors","Nexon EV","ev_four_wheeler",131,"2023-03-01","Tamil Nadu"
"Tata Motors","Nexon EV","ev_four_wheeler",148,"2023-03-01","Uttar Pradesh"
"Tata Motors","Nexon EV","ev_four_wheeler",128,"2023-03-01","Gujarat"
"Mahindra & Mahindra","XUV400","ev_four_wheeler",25,"2023-03-01","Maharashtra"
"Mahindra & Mahindra","XUV400","ev_four_wheeler",23,"2023-03-01","Karnataka"
"Mahindra & Mahindra","XUV400","ev_four_wheeler",18,"2023-03-01","Delhi"
"Mahindra & Mahindra","XUV400","ev_four_wheeler",15,"2023-03-01","Tamil Nadu"
"Mahindra & Mahindra","XUV400","ev_four_wheeler",15,"2023-03-01","Uttar Pradesh"
"Mahindra & Mahindra","XUV400","ev_four_wheeler",13,"2023-03-01","Gujarat"
"Ather Energy","450X","ev_two_wheeler",289,"2023-04-01","Maharashtra"
"Ather Energy","450X","ev_two_wheeler",211,"2023-04-01","Karnataka"
"Ather Energy","450X","ev_two_wheeler",198,"2023-04-01","Delhi"
"Ather Energy","450X","ev_two_wheeler",176,"2023-04-01","Tamil Nadu"
"Ather Energy","450X","ev_two_wheeler",150,"2023-04-01","Uttar Pradesh"
"Ather Energy","450X","ev_two_wheeler",153,"2023-04-01","Gujarat"
"Ola Electric","S1 Pro","ev_two_wheeler",839,"2023-04-01","Maharashtra"
"Ola Electric","S1 Pro","ev_two_wheeler",867,"2023-04-01","Karnataka"
"Ola Electric","S1 Pro","ev_two_wheeler",581,"2023-04-01","Delhi"
"Ola Electric","S1 Pro","ev_two_wheeler",526,"2023-04-01","Tamil Nadu"
"Ola Electric","S1 Pro","ev_two_wheeler",582,"2023-04-01","Uttar Pradesh"
"Ola Electric","S1 Pro","ev_two_wheeler",609,"2023-04-01","Gujarat"
"TVS Motor","iQube","ev_two_wheeler",166,"2023-04-01","Maharashtra"
"TVS Motor","iQube","ev_two_wheeler",151,"2023-04-01","Karnataka"
"TVS Motor","iQube","ev_two_wheeler",149,"2023-04-01","Delhi"
"TVS Motor","iQube","ev_two_wheeler",127,"2023-04-01","Tamil Nadu"
"TVS Motor","iQube","ev_two_wheeler",96,"2023-04-01","Uttar Pradesh"
"TVS Motor","iQube","ev_two_wheeler",127,"2023-04-01","Gujarat"
"Bajaj Auto","Chetak","ev_two_wheeler",64,"2023-04-01","Maharashtra"
"Bajaj Auto","Chetak","ev_two_wheeler",54,"2023-04-01","Karnataka"
"Bajaj Auto","Chetak","ev_two_wheeler",48,"2023-04-01","Delhi"
"Bajaj Auto","Chetak","ev_two_wheeler",41,"2023-04-01","Tamil Nadu"
"Bajaj Auto","Chetak","ev_two_wheeler",45,"2023-04-01","Uttar Pradesh"
"Bajaj Auto","Chetak","ev_two_wheeler",38,"2023-04-01","Gujarat"
"Hero Electric","Photon","ev_two_wheeler",49,"2023-04-01","Maharashtra"
"Hero Electric","Photon","ev_two_wheeler",47,"2023-04-01","Karnataka"
"Hero Electric","Photon","ev_two_wheeler",40,"2023-04-01","Delhi"
"Hero Electric","Photon","ev_two_wheeler",32,"2023-04-01","Tamil Nadu"
"Hero Electric","Photon","ev_two_wheeler",30,"2023-04-01","Uttar Pradesh"
"Hero Electric","Photon","ev_two_wheeler",34,"2023-04-01","Gujarat"
"Tata Motors","Nexon EV","ev_four_wheeler",310,"2023-04-01","Maharashtra"
"Tata Motors","Nexon EV","ev_four_wheeler",263,"2023-04-01","Karnataka"
"Tata Motors","Nexon EV","ev_four_wheeler",242,"2023-04-01","Delhi"
"Tata Motors","Nexon EV","ev_four_wheeler",165,"2023-04-01","Tamil Nadu"
"Tata Motors","Nexon EV","ev_four_wheeler",195,"2023-04-01","Uttar Pradesh"
"Tata Motors","Nexon EV","ev_four_wheeler",188,"2023-04-01","Gujarat"
"Mahindra & Mahindra","XUV400","ev_four_wheeler",30,"2023-04-01","Maharashtra"
"Mahindra & Mahindra","XUV400","ev_four_wheeler",26,"2023-04-01","Karnataka"
"Mahindra & Mahindra","XUV400","ev_four_wheeler",20,"2023-04-01","Delhi"
"Mahindra & Mahindra","XUV400","ev_four_wheeler",17,"2023-04-01","Tamil Nadu"
"Mahindra & Mahindra","XUV400","ev_four_wheeler",14,"2023-04-01","Uttar Pradesh"
"Mahindra & Mahindra","XUV400","ev_four_wheeler",14,"2023-04-01","Gujarat"
"Ather Energy","450X","ev_two_wheeler",254,"2023-05-01","Maharashtra"
"Ather Energy","450X","ev_two_wheeler",202,"2023-05-01","Karnataka"
"Ather Energy","450X","ev_two_wheeler",210,"2023-05-01","Delhi"
"Ather Energy","450X","ev_two_wheeler",144,"2023-05-01","Tamil Nadu"
"Ather Energy","450X","ev_two_wheeler",184,"2023-05-01","Uttar Pradesh"
"Ather Energy","450X","ev_two_wheeler",170,"2023-05-01","Gujarat"
"Ola Electric","S1 Pro","ev_two_wheeler",1347,"2023-05-01","Maharashtra"
"Ola Electric","S1 Pro","ev_two_wheeler",903,"2023-05-01","Karnataka"
"Ola Electric","S1 Pro","ev_two_wheeler",822,"2023-05-01","Delhi"
"Ola Electric","S1 Pro","ev_two_wheeler",696,"2023-05-01","Tamil Nadu"
"Ola Electric","S1 Pro","ev_two_wheeler",647,"2023-05-01","Uttar Pradesh"
"Ola Electric","S1 Pro","ev_two_wheeler",667,"2023-05-01","Gujarat"
"TVS Motor","iQube","ev_two_wheeler",205,"2023-05-01","Maharashtra"
"TVS Motor","iQube","ev_two_wheeler",144,"2023-05-01","Karnataka"
"TVS Motor","iQube","ev_two_wheeler",132,"2023-05-01","Delhi"
"TVS Motor","iQube","ev_two_wheeler",104,"2023-05-01","Tamil Nadu"
"TVS Motor","iQube","ev_two_wheeler",117,"2023-05-01","Uttar Pradesh"
"TVS Motor","iQube","ev_two_wheeler",117,"2023-05-01","Gujarat"
"Bajaj Auto","Chetak","ev_two_wheeler",72,"2023-05-01","Maharashtra"
"Bajaj Auto","Chetak","ev_two_wheeler",63,"2023-05-01","Karnataka"
"Bajaj Auto","Chetak","ev_two_wheeler",62,"2023-05-01","Delhi"
"Bajaj Auto","Chetak","ev_two_wheeler",47,"2023-05-01","Tamil Nadu"
"Bajaj Auto","Chetak","ev_two_wheeler",43,"2023-05-01","Uttar Pradesh"
"Bajaj Auto","Chetak","ev_two_wheeler",51,"2023-05-01","Gujarat"
"Hero Electric","Photon","ev_two_wheeler",51,"2023-05-01","Maharashtra"
"Hero Electric","Photon","ev_two_wheeler",51,"2023-05-01","Karnataka"
"Hero Electric","Photon","ev_two_wheeler",35,"2023-05-01","Delhi"
"Hero Electric","Photon","ev_two_wheeler",31,"2023-05-01","Tamil Nadu"
"Hero Electric","Photon","ev_two_wheeler",37,"2023-05-01","Uttar Pradesh"
"Hero Electric","Photon","ev_two_wheeler",32,"2023-05-01","Gujarat"
"Tata Motors","Nexon EV","ev_four_wheeler",352,"2023-05-01","Maharashtra"
"Tata Motors","Nexon EV","ev_four_wheeler",276,"2023-05-01","Karnataka"
"Tata Motors","Nexon EV","ev_four_wheeler",240,"2023-05-01","Delhi"
"Tata Motors","Nexon EV","ev_four_wheeler",202,"2023-05-01","Tamil Nadu"
"Tata Motors","Nexon EV","ev_four_wheeler",183,"2023-05-01","Uttar Pradesh"
"Tata Motors","Nexon EV","ev_four_wheeler",194,"2023-05-01","Gujarat"
"Mahindra & Mahindra","XUV400","ev_four_wheeler",33,"2023-05-01","Maharashtra"
"Mahindra & Mahindra","XUV400","ev_four_wheeler",28,"2023-05-01","Karnataka"
"Mahindra & Mahindra","XUV400","ev_four_wheeler",24,"2023-05-01","Delhi"
"Mahindra & Mahindra","XUV400","ev_four_wheeler",18,"2023-05-01","Tamil Nadu"
"Mahindra & Mahindra","XUV400","ev_four_wheeler",21,"2023-05-01","Uttar Pradesh"
"Mahindra & Mahindra","XUV400","ev_four_wheeler",18,"2023-05-01","Gujarat"
"Ather Energy","450X","ev_two_wheeler",263,"2023-06-01","Maharashtra"
"Ather Energy","450X","ev_two_wheeler",291,"2023-06-01","Karnataka"
"Ather Energy","450X","ev_two_wheeler",179,"2023-06-01","Delhi"
"Ather Energy","450X","ev_two_wheeler",148,"2023-06-01","Tamil Nadu"
"Ather Energy","450X","ev_two_wheeler",164,"2023-06-01","Uttar Pradesh"
"Ather Energy","450X","ev_two_wheeler",179,"2023-06-01","Gujarat"
"Ola Electric","S1 Pro","ev_two_wheeler",1350,"2023-06-01","Maharashtra"
"Ola Electric","S1 Pro","ev_two_wheeler",1206,"2023-06-01","Karnataka"
"Ola Electric","S1 Pro","ev_two_wheeler",926,"2023-06-01","Delhi"
"Ola Electric","S1 Pro","ev_two_wheeler",847,"2023-06-01","Tamil Nadu"
"Ola Electric","S1 Pro","ev_two_wheeler",639,"2023-06-01","Uttar Pradesh"
"Ola Electric","S1 Pro","ev_two_wheeler",721,"2023-06-01","Gujarat"
"TVS Motor","iQube","ev_two_wheeler",229,"2023-06-01","Maharashtra"
"TVS Motor","iQube","ev_two_wheeler",171,"2023-06-01","Karnataka"
"TVS Motor","iQube","ev_two_wheeler",167,"2023-06-01","Delhi"
"TVS Motor","iQube","ev_two_wheeler",138,"2023-06-01","Tamil Nadu"
"TVS Motor","iQube","ev_two_wheeler",151,"2023-06-01","Uttar Pradesh"
"TVS Motor","iQube","ev_two_wheeler",135,"2023-06-01","Gujarat"
"Bajaj Auto","Chetak","ev_two_wheeler",83,"2023-06-01","Maharashtra"
"Bajaj Auto","Chetak","ev_two_wheeler",64,"2023-06-01","Karnataka"
"Bajaj Auto","Chetak","ev_two_wheeler",63,"2023-06-01","Delhi"
"Bajaj Auto","Chetak","ev_two_wheeler",54,"2023-06-01","Tamil Nadu"
"Bajaj Auto","Chetak","ev_two_wheeler",45,"2023-06-01","Uttar Pradesh"
"Bajaj Auto","Chetak","ev_two_wheeler",54,"2023-06-01","Gujarat"
"Hero Electric","Photon","ev_two_wheeler",50,"2023-06-01","Maharashtra"
"Hero Electric","Photon","ev_two_wheeler",51,"2023-06-01","Karnataka"
"Hero Electric","Photon","ev_two_wheeler",44,"2023-06-01","Delhi"
"Hero Electric","Photon","ev_two_wheeler",29,"2023-06-01","Tamil Nadu"
"Hero Electric","Photon","ev_two_wheeler",34,"2023-06-01","Uttar Pradesh"
"Hero Electric","Photon","ev_two_wheeler",30,"2023-06-01","Gujarat"
"Tata Motors","Nexon EV","ev_four_wheeler",396,"2023-06-01","Maharashtra"
"Tata Motors","Nexon EV","ev_four_wheeler",293,"2023-06-01","Karnataka"
"Tata Motors","Nexon EV","ev_four_wheeler",262,"2023-06-01","Delhi"
"Tata Motors","Nexon EV","ev_four_wheeler",220,"2023-06-01","Tamil Nadu"
"Tata Motors","Nexon EV","ev_four_wheeler",235,"2023-06-01","Uttar Pradesh"
"Tata Motors","Nexon EV","ev_four_wheeler",206,"2023-06-01","Gujarat"
"Mahindra & Mahindra","XUV400","ev_four_wheeler",28,"2023-06-01","Maharashtra"
"Mahindra & Mahindra","XUV400","ev_four_wheeler",30,"2023-06-01","Karnataka"
"Mahindra & Mahindra","XUV400","ev_four_wheeler",21,"2023-06-01","Delhi"
"Mahindra & Mahindra","XUV400","ev_four_wheeler",17,"2023-06-01","Tamil Nadu"
"Mahindra & Mahindra","XUV400","ev_four_wheeler",22,"2023-06-01","Uttar Pradesh"
"Mahindra & Mahindra","XUV400","ev_four_wheeler",22,"2023-06-01","Gujarat"
"Ather Energy","450X","ev_two_wheeler",344,"2023-07-01","Maharashtra"
"Ather Energy","450X","ev_two_wheeler",239,"2023-07-01","Karnataka"
"Ather Energy","450X","ev_two_wheeler",244,"2023-07-01","Delhi"
"Ather Energy","450X","ev_two_wheeler",180,"2023-07-01","Tamil Nadu"
"Ather Energy","450X","ev_two_wheeler",189,"2023-07-01","Uttar Pradesh"
"Ather Energy","450X","ev_two_wheeler",164,"2023-07-01","Gujarat"
"Ola Electric","S1 Pro","ev_two_wheeler",1392,"2023-07-01","Maharashtra"
"Ola Electric","S1 Pro","ev_two_wheeler",1185,"2023-07-01","Karnataka"
"Ola Electric","S1 Pro","ev_two_wheeler",938,"2023-07-01","Delhi"
"Ola Electric","S1 Pro","ev_two_wheeler",769,"2023-07-01","Tamil Nadu"
"Ola Electric","S1 Pro","ev_two_wheeler",830,"2023-07-01","Uttar Pradesh"
"Ola Electric","S1 Pro","ev_two_wheeler",817,"2023-07-01","Gujarat"
"TVS Motor","iQube","ev_two_wheeler",212,"2023-07-01","Maharashtra"
"TVS Motor","iQube","ev_two_wheeler",185,"2023-07-01","Karnataka"
"TVS Motor","iQube","ev_two_wheeler",146,"2023-07-01","Delhi"
"TVS Motor","iQube","ev_two_wheeler",108,"2023-07-01","Tamil Nadu"
"TVS Motor","iQube","ev_two_wheeler",130,"2023-07-01","Uttar Pradesh"
"TVS Motor","iQube","ev_two_wheeler",126,"2023-07-01","Gujarat"
"Bajaj Auto","Chetak","ev_two_wheeler",92,"2023-07-01","Maharashtra"
"Bajaj Auto","Chetak","ev_two_wheeler",72,"2023-07-01","Karnataka"
"Bajaj Auto","Chetak","ev_two_wheeler",62,"2023-07-01","Delhi"
"Bajaj Auto","Chetak","ev_two_wheeler",58,"2023-07-01","Tamil Nadu"
"Bajaj Auto","Chetak","ev_two_wheeler",61,"2023-07-01","Uttar Pradesh"
"Bajaj Auto","Chetak","ev_two_wheeler",51,"2023-07-01","Gujarat"
"Hero Electric","Photon","ev_two_wheeler",58,"2023-07-01","Maharashtra"
"Hero Electric","Photon","ev_two_wheeler",44,"2023-07-01","Karnataka"
"Hero Electric","Photon","ev_two_wheeler",33,"2023-07-01","Delhi"
"Hero Electric","Photon","ev_two_wheeler",27,"2023-07-01","Tamil Nadu"
"Hero Electric","Photon","ev_two_wheeler",29,"2023-07-01","Uttar Pradesh"
"Hero Electric","Photon","ev_two_wheeler",29,"2023-07-01","Gujarat"
"Tata Motors","Nexon EV","ev_four_wheeler",426,"2023-07-01","Maharashtra"
"Tata Motors","Nexon EV","ev_four_wheeler",398,"2023-07-01","Karnataka"
"Tata Motors","Nexon EV","ev_four_wheeler",339,"2023-07-01","Delhi"
"Tata Motors","Nexon EV","ev_four_wheeler",229,"2023-07-01","Tamil Nadu"
"Tata Motors","Nexon EV","ev_four_wheeler",223,"2023-07-01","Uttar Pradesh"
"Tata Motors","Nexon EV","ev_four_wheeler",220,"2023-07-01","Gujarat"
"Mahindra & Mahindra","XUV400","ev_four_wheeler",31,"2023-07-01","Maharashtra"
"Mahindra & Mahindra","XUV400","ev_four_wheeler",24,"2023-07-01","Karnataka"
"Mahindra & Mahindra","XUV400","ev_four_wheeler",18,"2023-07-01","Delhi"
"Mahindra & Mahindra","XUV400","ev_four_wheeler",16,"2023-07-01","Tamil Nadu"
"Mahindra & Mahindra","XUV400","ev_four_wheeler",18,"2023-07-01","Uttar Pradesh"
"Mahindra & Mahindra","XUV400","ev_four_wheeler",18,"2023-07-01","Gujarat"
"Ather Energy","450X","ev_two_wheeler",322,"2023-08-01","Maharashtra"
"Ather Energy","450X","ev_two_wheeler",312,"2023-08-01","Karnataka"
"Ather Energy","450X","ev_two_wheeler",254,"2023-08-01","Delhi"
"Ather Energy","450X","ev_two_wheeler",192,"2023-08-01","Tamil Nadu"
"Ather Energy","450X","ev_two_wheeler",232,"2023-08-01","Uttar Pradesh"
"Ather Energy","450X","ev_two_wheeler",195,"2023-08-01","Gujarat"
"Ola Electric","S1 Pro","ev_two_wheeler",1489,"2023-08-01","Maharashtra"
"Ola Electric","S1 Pro","ev_two_wheeler",1303,"2023-08-01","Karnataka"
"Ola Electric","S1 Pro","ev_two_wheeler",957,"2023-08-01","Delhi"
"Ola Electric","S1 Pro","ev_two_wheeler",812,"2023-08-01","Tamil Nadu"
"Ola Electric","S1 Pro","ev_two_wheeler",838,"2023-08-01","Uttar Pradesh"
"Ola Electric","S1 Pro","ev_two_wheeler",812,"2023-08-01","Gujarat"
"TVS Motor","iQube","ev_two_wheeler",230,"2023-08-01","Maharashtra"
"TVS Motor","iQube","ev_two_wheeler",232,"2023-08-01","Karnataka"
"TVS Motor","iQube","ev_two_wheeler",150,"2023-08-01","Delhi"
"TVS Motor","iQube","ev_two_wheeler",147,"2023-08-01","Tamil Nadu"
"TVS Motor","iQube","ev_two_wheeler",139,"2023-08-01","Uttar Pradesh"
"TVS Motor","iQube","ev_two_wheeler",152,"2023-08-01","Gujarat"
"Bajaj Auto","Chetak","ev_two_wheeler",84,"2023-08-01","Maharashtra"
"Bajaj Auto","Chetak","ev_two_wheeler",82,"2023-08-01","Karnataka"
"Bajaj Auto","Chetak","ev_two_wheeler",63,"2023-08-01","Delhi"
"Bajaj Auto","Chetak","ev_two_wheeler",53,"2023-08-01","Tamil Nadu"
"Bajaj Auto","Chetak","ev_two_wheeler",46,"2023-08-01","Uttar Pradesh"
"Bajaj Auto","Chetak","ev_two_wheeler",43,"2023-08-01","Gujarat"
"Hero Electric","Photon","ev_two_wheeler",55,"2023-08-01","Maharashtra"
"Hero Electric","Photon","ev_two_wheeler",47,"2023-08-01","Karnataka"
"Hero Electric","Photon","ev_two_wheeler",37,"2023-08-01","Delhi"
"Hero Electric","Photon","ev_two_wheeler",30,"2023-08-01","Tamil Nadu"
"Hero Electric","Photon","ev_two_wheeler",33,"2023-08-01","Uttar Pradesh"
"Hero Electric","Photon","ev_two_wheeler",29,"2023-08-01","Gujarat"
"Tata Motors","Nexon EV","ev_four_wheeler",377,"2023-08-01","Maharashtra"
"Tata Motors","Nexon EV","ev_four_wheeler",328,"2023-08-01","Karnataka"
"Tata Motors","Nexon EV","ev_four_wheeler",275,"2023-08-01","Delhi"
"Tata Motors","Nexon EV","ev_four_wheeler",247,"2023-08-01","Tamil Nadu"
"Tata Motors","Nexon EV","ev_four_wheeler",258,"2023-08-01","Uttar Pradesh"
"Tata Motors","Nexon EV","ev_four_wheeler",230,"2023-08-01","Gujarat"
"Mahindra & Mahindra","XUV400","ev_four_wheeler",32,"2023-08-01","Maharashtra"
"Mahindra & Mahindra","XUV400","ev_four_wheeler",23,"2023-08-01","Karnataka"
"Mahindra & Mahindra","XUV400","ev_four_wheeler",21,"2023-08-01","Delhi"
"Mahindra & Mahindra","XUV400","ev_four_wheeler",20,"2023-08-01","Tamil Nadu"
"Mahindra & Mahindra","XUV400","ev_four_wheeler",19,"2023-08-01","Uttar Pradesh"
"Mahindra & Mahindra","XUV400","ev_four_wheeler",16,"2023-08-01","Gujarat"
"Ather Energy","450X","ev_two_wheeler",332,"2023-09-01","Maharashtra"
"Ather Energy","450X","ev_two_wheeler",316,"2023-09-01","Karnataka"
"Ather Energy","450X","ev_two_wheeler",265,"2023-09-01","Delhi"
"Ather Energy","450X","ev_two_wheeler",207,"2023-09-01","Tamil Nadu"
"Ather Energy","450X","ev_two_wheeler",227,"2023-09-01","Uttar Pradesh"
"Ather Energy","450X","ev_two_wheeler",196,"2023-09-01","Gujarat"
"Ola Electric","S1 Pro","ev_two_wheeler",1546,"2023-09-01","Maharashtra"
"Ola Electric","S1 Pro","ev_two_wheeler",1360,"2023-09-01","Karnataka"
"Ola Electric","S1 Pro","ev_two_wheeler",867,"2023-09-01","Delhi"
"Ola Electric","S1 Pro","ev_two_wheeler",736,"2023-09-01","Tamil Nadu"
"Ola Electric","S1 Pro","ev_two_wheeler",892,"2023-09-01","Uttar Pradesh"
"Ola Electric","S1 Pro","ev_two_wheeler",724,"2023-09-01","Gujarat"
"TVS Motor","iQube","ev_two_wheeler",236,"2023-09-01","Maharashtra"
"TVS Motor","iQube","ev_two_wheeler",224,"2023-09-01","Karnataka"
"TVS Motor","iQube","ev_two_wheeler",187,"2023-09-01","Delhi"
"TVS Motor","iQube","ev_two_wheeler",142,"2023-09-01","Tamil Nadu"
"TVS Motor","iQube","ev_two_wheeler",127,"2023-09-01","Uttar Pradesh"
"TVS Motor","iQube","ev_two_wheeler",158,"2023-09-01","Gujarat"
"Bajaj Auto","Chetak","ev_two_wheeler",105,"2023-09-01","Maharashtra"
"Bajaj Auto","Chetak","ev_two_wheeler",90,"2023-09-01","Karnataka"
"Bajaj Auto","Chetak","ev_two_wheeler",65,"2023-09-01","Delhi"
"Bajaj Auto","Chetak","ev_two_wheeler",58,"2023-09-01","Tamil Nadu"
"Bajaj Auto","Chetak","ev_two_wheeler",52,"2023-09-01","Uttar Pradesh"
"Bajaj Auto","Chetak","ev_two_wheeler",54,"2023-09-01","Gujarat"
"Hero Electric","Photon","ev_two_wheeler",44,"2023-09-01","Maharashtra"
"Hero Electric","Photon","ev_two_wheeler",44,"2023-09-01","Karnataka"
"Hero Electric","Photon","ev_two_wheeler",39,"2023-09-01","Delhi"
"Hero Electric","Photon","ev_two_wheeler",30,"2023-09-01","Tamil Nadu"
"Hero Electric","Photon","ev_two_wheeler",32,"2023-09-01","Uttar Pradesh"
"Hero Electric","Photon","ev_two_wheeler",32,"2023-09-01","Gujarat"
"Tata Motors","Nexon EV","ev_four_wheeler",414,"2023-09-01","Maharashtra"
"Tata Motors","Nexon EV","ev_four_wheeler",465,"2023-09-01","Karnataka"
"Tata Motors","Nexon EV","ev_four_wheeler",296,"2023-09-01","Delhi"
"Tata Motors","Nexon EV","ev_four_wheeler",311,"2023-09-01","Tamil Nadu"
"Tata Motors","Nexon EV","ev_four_wheeler",281,"2023-09-01","Uttar Pradesh"
"Tata Motors","Nexon EV","ev_four_wheeler",239,"2023-09-01","Gujarat"
"Mahindra & Mahindra","XUV400","ev_four_wheeler",37,"2023-09-01","Maharashtra"
"Mahindra & Mahindra","XUV400","ev_four_wheeler",27,"2023-09-01","Karnataka"
"Mahindra & Mahindra","XUV400","ev_four_wheeler",27,"2023-09-01","Delhi"
"Mahindra & Mahindra","XUV400","ev_four_wheeler",19,"2023-09-01","Tamil Nadu"
"Mahindra & Mahindra","XUV400","ev_four_wheeler",17,"2023-09-01","Uttar Pradesh"
"Mahindra & Mahindra","XUV400","ev_four_wheeler",19,"2023-09-01","Gujarat"
"Ather Energy","450X","ev_two_wheeler",497,"2023-10-01","Maharashtra"
"Ather Energy","450X","ev_two_wheeler",494,"2023-10-01","Karnataka"
"Ather Energy","450X","ev_two_wheeler",338,"2023-10-01","Delhi"
"Ather Energy","450X","ev_two_wheeler",349,"2023-10-01","Tamil Nadu"
"Ather Energy","450X","ev_two_wheeler",281,"2023-10-01","Uttar Pradesh"
"Ather Energy","450X","ev_two_wheeler",344,"2023-10-01","Gujarat"
"Ola Electric","S1 Pro","ev_two_wheeler",1698,"2023-10-01","Maharashtra"
"Ola Electric","S1 Pro","ev_two_wheeler",1943,"2023-10-01","Karnataka"
"Ola Electric","S1 Pro","ev_two_wheeler",1442,"2023-10-01","Delhi"
"Ola Electric","S1 Pro","ev_two_wheeler",1339,"2023-10-01","Tamil Nadu"
"Ola Electric","S1 Pro","ev_two_wheeler",1066,"2023-10-01","Uttar Pradesh"
"Ola Electric","S1 Pro","ev_two_wheeler",1035,"2023-10-01","Gujarat"
"TVS Motor","iQube","ev_two_wheeler",302,"2023-10-01","Maharashtra"
"TVS Motor","iQube","ev_two_wheeler",300,"2023-10-01","Karnataka"
"TVS Motor","iQube","ev_two_wheeler",239,"2023-10-01","Delhi"
"TVS Motor","iQube","ev_two_wheeler",239,"2023-10-01","Tamil Nadu"
"TVS Motor","iQube","ev_two_wheeler",206,"2023-10-01","Uttar Pradesh"
"TVS Motor","iQube","ev_two_wheeler",196,"2023-10-01","Gujarat"
"Bajaj Auto","Chetak","ev_two_wheeler",135,"2023-10-01","Maharashtra"
"Bajaj Auto","Chetak","ev_two_wheeler",114,"2023-10-01","Karnataka"
"Bajaj Auto","Chetak","ev_two_wheeler",92,"2023-10-01","Delhi"
"Bajaj Auto","Chetak","ev_two_wheeler",73,"2023-10-01","Tamil Nadu"
"Bajaj Auto","Chetak","ev_two_wheeler",65,"2023-10-01","Uttar Pradesh"
"Bajaj Auto","Chetak","ev_two_wheeler",79,"2023-10-01","Gujarat"
"Hero Electric","Photon","ev_two_wheeler",70,"2023-10-01","Maharashtra"
"Hero Electric","Photon","ev_two_wheeler",66,"2023-10-01","Karnataka"
"Hero Electric","Photon","ev_two_wheeler",50,"2023-10-01","Delhi"
"Hero Electric","Photon","ev_two_wheeler",44,"2023-10-01","Tamil Nadu"
"Hero Electric","Photon","ev_two_wheeler",42,"2023-10-01","Uttar Pradesh"
"Hero Electric","Photon","ev_two_wheeler",45,"2023-10-01","Gujarat"
"Tata Motors","Nexon EV","ev_four_wheeler",620,"2023-10-01","Maharashtra"
"Tata Motors","Nexon EV","ev_four_wheeler",584,"2023-10-01","Karnataka"
"Tata Motors","Nexon EV","ev_four_wheeler",418,"2023-10-01","Delhi"
"Tata Motors","Nexon EV","ev_four_wheeler",359,"2023-10-01","Tamil Nadu"
"Tata Motors","Nexon EV","ev_four_wheeler",401,"2023-10-01","Uttar Pradesh"
"Tata Motors","Nexon EV","ev_four_wheeler",357,"2023-10-01","Gujarat"
"Mahindra & Mahindra","XUV400","ev_four_wheeler",45,"2023-10-01","Maharashtra"
"Mahindra & Mahindra","XUV400","ev_four_wheeler",40,"2023-10-01","Karnataka"
"Mahindra & Mahindra","XUV400","ev_four_wheeler",30,"2023-10-01","Delhi"
"Mahindra & Mahindra","XUV400","ev_four_wheeler",29,"2023-10-01","Tamil Nadu"
"Mahindra & Mahindra","XUV400","ev_four_wheeler",27,"2023-10-01","Uttar Pradesh"
"Mahindra & Mahindra","XUV400","ev_four_wheeler",31,"2023-10-01","Gujarat"
"Ather Energy","450X","ev_two_wheeler",434,"2023-11-01","Maharashtra"
"Ather Energy","450X","ev_two_wheeler",384,"2023-11-01","Karnataka"
"Ather Energy","450X","ev_two_wheeler",415,"2023-11-01","Delhi"
"Ather Energy","450X","ev_two_wheeler",321,"2023-11-01","Tamil Nadu"
"Ather Energy","450X","ev_two_wheeler",342,"2023-11-01","Uttar Pradesh"
"Ather Energy","450X","ev_two_wheeler",318,"2023-11-01","Gujarat"
"Ola Electric","S1 Pro","ev_two_wheeler",2419,"2023-11-01","Maharashtra"
"Ola Electric","S1 Pro","ev_two_wheeler",1861,"2023-11-01","Karnataka"
"Ola Electric","S1 Pro","ev_two_wheeler",1581,"2023-11-01","Delhi"
"Ola Electric","S1 Pro","ev_two_wheeler",1272,"2023-11-01","Tamil Nadu"
"Ola Electric","S1 Pro","ev_two_wheeler",1498,"2023-11-01","Uttar Pradesh"
"Ola Electric","S1 Pro","ev_two_wheeler",1461,"2023-11-01","Gujarat"
"TVS Motor","iQube","ev_two_wheeler",298,"2023-11-01","Maharashtra"
"TVS Motor","iQube","ev_two_wheeler",294,"2023-11-01","Karnataka"
"TVS Motor","iQube","ev_two_wheeler",250,"2023-11-01","Delhi"
"TVS Motor","iQube","ev_two_wheeler",189,"2023-11-01","Tamil Nadu"
"TVS Motor","iQube","ev_two_wheeler",205,"2023-11-01","Uttar Pradesh"
"TVS Motor","iQube","ev_two_wheeler",197,"2023-11-01","Gujarat"
"Bajaj Auto","Chetak","ev_two_wheeler",123,"2023-11-01","Maharashtra"
"Bajaj Auto","Chetak","ev_two_wheeler",127,"2023-11-01","Karnataka"
"Bajaj Auto","Chetak","ev_two_wheeler",104,"2023-11-01","Delhi"
"Bajaj Auto","Chetak","ev_two_wheeler",83,"2023-11-01","Tamil Nadu"
"Bajaj Auto","Chetak","ev_two_wheeler",92,"2023-11-01","Uttar Pradesh"
"Bajaj Auto","Chetak","ev_two_wheeler",76,"2023-11-01","Gujarat"
"Hero Electric","Photon","ev_two_wheeler",69,"2023-11-01","Maharashtra"
"Hero Electric","Photon","ev_two_wheeler",61,"2023-11-01","Karnataka"
"Hero Electric","Photon","ev_two_wheeler",44,"2023-11-01","Delhi"
"Hero Electric","Photon","ev_two_wheeler",45,"2023-11-01","Tamil Nadu"
"Hero Electric","Photon","ev_two_wheeler",44,"2023-11-01","Uttar Pradesh"
"Hero Electric","Photon","ev_two_wheeler",43,"2023-11-01","Gujarat"
"Tata Motors","Nexon EV","ev_four_wheeler",794,"2023-11-01","Maharashtra"
"Tata Motors","Nexon EV","ev_four_wheeler",550,"2023-11-01","Karnataka"
"Tata Motors","Nexon EV","ev_four_wheeler",516,"2023-11-01","Delhi"
"Tata Motors","Nexon EV","ev_four_wheeler",386,"2023-11-01","Tamil Nadu"
"Tata Motors","Nexon EV","ev_four_wheeler",426,"2023-11-01","Uttar Pradesh"
"Tata Motors","Nexon EV","ev_four_wheeler",368,"2023-11-01","Gujarat"
"Mahindra & Mahindra","XUV400","ev_four_wheeler",41,"2023-11-01","Maharashtra"
"Mahindra & Mahindra","XUV400","ev_four_wheeler",45,"2023-11-01","Karnataka"
"Mahindra & Mahindra","XUV400","ev_four_wheeler",39,"2023-11-01","Delhi"
"Mahindra & Mahindra","XUV400","ev_four_wheeler",32,"2023-11-01","Tamil Nadu"
"Mahindra & Mahindra","XUV400","ev_four_wheeler",28,"2023-11-01","Uttar Pradesh"
"Mahindra & Mahindra","XUV400","ev_four_wheeler",28,"2023-11-01","Gujarat"
"Ather Energy","450X","ev_two_wheeler",387,"2023-12-01","Maharashtra"
"Ather Energy","450X","ev_two_wheeler",346,"2023-12-01","Karnataka"
"Ather Energy","450X","ev_two_wheeler",341,"2023-12-01","Delhi"
"Ather Energy","450X","ev_two_wheeler",256,"2023-12-01","Tamil Nadu"
"Ather Energy","450X","ev_two_wheeler",269,"2023-12-01","Uttar Pradesh"
"Ather Energy","450X","ev_two_wheeler",247,"2023-12-01","Gujarat"
"Ola Electric","S1 Pro","ev_two_wheeler",1985,"2023-12-01","Maharashtra"
"Ola Electric","S1 Pro","ev_two_wheeler",1814,"2023-12-01","Karnataka"
"Ola Electric","S1 Pro","ev_two_wheeler",1583,"2023-12-01","Delhi"
"Ola Electric","S1 Pro","ev_two_wheeler",1179,"2023-12-01","Tamil Nadu"
"Ola Electric","S1 Pro","ev_two_wheeler",1272,"2023-12-01","Uttar Pradesh"
"Ola Electric","S1 Pro","ev_two_wheeler",1026,"2023-12-01","Gujarat"
"TVS Motor","iQube","ev_two_wheeler",315,"2023-12-01","Maharashtra"
"TVS Motor","iQube","ev_two_wheeler",280,"2023-12-01","Karnataka"
"TVS Motor","iQube","ev_two_wheeler",233,"2023-12-01","Delhi"
"TVS Motor","iQube","ev_two_wheeler",174,"2023-12-01","Tamil Nadu"
"TVS Motor","iQube","ev_two_wheeler",184,"2023-12-01","Uttar Pradesh"
"TVS Motor","iQube","ev_two_wheeler",160,"2023-12-01","Gujarat"
"Bajaj Auto","Chetak","ev_two_wheeler",104,"2023-12-01","Maharashtra"
"Bajaj Auto","Chetak","ev_two_wheeler",102,"2023-12-01","Karnataka"
"Bajaj Auto","Chetak","ev_two_wheeler",78,"2023-12-01","Delhi"
"Bajaj Auto","Chetak","ev_two_wheeler",61,"2023-12-01","Tamil Nadu"
"Bajaj Auto","Chetak","ev_two_wheeler",72,"2023-12-01","Uttar Pradesh"
"Bajaj Auto","Chetak","ev_two_wheeler",62,"2023-12-01","Gujarat"
"Hero Electric","Photon","ev_two_wheeler",49,"2023-12-01","Maharashtra"
"Hero Electric","Photon","ev_two_wheeler",35,"2023-12-01","Karnataka"
"Hero Electric","Photon","ev_two_wheeler",29,"2023-12-01","Delhi"
"Hero Electric","Photon","ev_two_wheeler",24,"2023-12-01","Tamil Nadu"
"Hero Electric","Photon","ev_two_wheeler",23,"2023-12-01","Uttar Pradesh"
"Hero Electric","Photon","ev_two_wheeler",29,"2023-12-01","Gujarat"
"Tata Motors","Nexon EV","ev_four_wheeler",415,"2023-12-01","Maharashtra"
"Tata Motors","Nexon EV","ev_four_wheeler",487,"2023-12-01","Karnataka"
"Tata Motors","Nexon EV","ev_four_wheeler",386,"2023-12-01","Delhi"
"Tata Motors","Nexon EV","ev_four_wheeler",293,"2023-12-01","Tamil Nadu"
"Tata Motors","Nexon EV","ev_four_wheeler",258,"2023-12-01","Uttar Pradesh"
"Tata Motors","Nexon EV","ev_four_wheeler",281,"2023-12-01","Gujarat"
"Mahindra & Mahindra","XUV400","ev_four_wheeler",35,"2023-12-01","Maharashtra"
"Mahindra & Mahindra","XUV400","ev_four_wheeler",31,"2023-12-01","Karnataka"
"Mahindra & Mahindra","XUV400","ev_four_wheeler",27,"2023-12-01","Delhi"
"Mahindra & Mahindra","XUV400","ev_four_wheeler",22,"2023-12-01","Tamil Nadu"
"Mahindra & Mahindra","XUV400","ev_four_wheeler",20,"2023-12-01","Uttar Pradesh"
"Mahindra & Mahindra","XUV400","ev_four_wheeler",22,"2023-12-01","Gujarat"
"Ather Energy","450X","ev_two_wheeler",396,"2024-01-01","Maharashtra"
"Ather Energy","450X","ev_two_wheeler",409,"2024-01-01","Karnataka"
"Ather Energy","450X","ev_two_wheeler",350,"2024-01-01","Delhi"
"Ather Energy","450X","ev_two_wheeler",237,"2024-01-01","Tamil Nadu"
"Ather Energy","450X","ev_two_wheeler",251,"2024-01-01","Uttar Pradesh"
"Ather Energy","450X","ev_two_wheeler",230,"2024-01-01","Gujarat"
"Ola Electric","S1 Pro","ev_two_wheeler",2152,"2024-01-01","Maharashtra"
"Ola Electric","S1 Pro","ev_two_wheeler",1662,"2024-01-01","Karnataka"
"Ola Electric","S1 Pro","ev_two_wheeler",1299,"2024-01-01","Delhi"
"Ola Electric","S1 Pro","ev_two_wheeler",1193,"2024-01-01","Tamil Nadu"
"Ola Electric","S1 Pro","ev_two_wheeler",1064,"2024-01-01","Uttar Pradesh"
"Ola Electric","S1 Pro","ev_two_wheeler",1232,"2024-01-01","Gujarat"
"TVS Motor","iQube","ev_two_wheeler",311,"2024-01-01","Maharashtra"
"TVS Motor","iQube","ev_two_wheeler",308,"2024-01-01","Karnataka"
"TVS Motor","iQube","ev_two_wheeler",210,"2024-01-01","Delhi"
"TVS Motor","iQube","ev_two_wheeler",202,"2024-01-01","Tamil Nadu"
"TVS Motor","iQube","ev_two_wheeler",200,"2024-01-01","Uttar Pradesh"
"TVS Motor","iQube","ev_two_wheeler",170,"2024-01-01","Gujarat"
"Bajaj Auto","Chetak","ev_two_wheeler",99,"2024-01-01","Maharashtra"
"Bajaj Auto","Chetak","ev_two_wheeler",87,"2024-01-01","Karnataka"
"Bajaj Auto","Chetak","ev_two_wheeler",79,"2024-01-01","Delhi"
"Bajaj Auto","Chetak","ev_two_wheeler",72,"2024-01-01","Tamil Nadu"
"Bajaj Auto","Chetak","ev_two_wheeler",70,"2024-01-01","Uttar Pradesh"
"Bajaj Auto","Chetak","ev_two_wheeler",66,"2024-01-01","Gujarat"
"Hero Electric","Photon","ev_two_wheeler",55,"2024-01-01","Maharashtra"
"Hero Electric","Photon","ev_two_wheeler",46,"2024-01-01","Karnataka"
"Hero Electric","Photon","ev_two_wheeler",33,"2024-01-01","Delhi"
"Hero Electric","Photon","ev_two_wheeler",32,"2024-01-01","Tamil Nadu"
"Hero Electric","Photon","ev_two_wheeler",27,"2024-01-01","Uttar Pradesh"
"Hero Electric","Photon","ev_two_wheeler",26,"2024-01-01","Gujarat"
"Tata Motors","Nexon EV","ev_four_wheeler",564,"2024-01-01","Maharashtra"
"Tata Motors","Nexon EV","ev_four_wheeler",452,"2024-01-01","Karnataka"
"Tata Motors","Nexon EV","ev_four_wheeler",408,"2024-01-01","Delhi"
"Tata Motors","Nexon EV","ev_four_wheeler",316,"2024-01-01","Tamil Nadu"
"Tata Motors","Nexon EV","ev_four_wheeler",327,"2024-01-01","Uttar Pradesh"
"Tata Motors","Nexon EV","ev_four_wheeler",318,"2024-01-01","Gujarat"
"Mahindra & Mahindra","XUV400","ev_four_wheeler",33,"2024-01-01","Maharashtra"
"Mahindra & Mahindra","XUV400","ev_four_wheeler",25,"2024-01-01","Karnataka"
"Mahindra & Mahindra","XUV400","ev_four_wheeler",21,"2024-01-01","Delhi"
"Mahindra & Mahindra","XUV400","ev_four_wheeler",18,"2024-01-01","Tamil Nadu"
"Mahindra & Mahindra","XUV400","ev_four_wheeler",21,"2024-01-01","Uttar Pradesh"
"Mahindra & Mahindra","XUV400","ev_four_wheeler",22,"2024-01-01","Gujarat"
"Ather Energy","450X","ev_two_wheeler",525,"2024-02-01","Maharashtra"
"Ather Energy","450X","ev_two_wheeler",403,"2024-02-01","Karnataka"
"Ather Energy","450X","ev_two_wheeler",354,"2024-02-01","Delhi"
"Ather Energy","450X","ev_two_wheeler",310,"2024-02-01","Tamil Nadu"
"Ather Energy","450X","ev_two_wheeler",269,"2024-02-01","Uttar Pradesh"
"Ather Energy","450X","ev_two_wheeler",275,"2024-02-01","Gujarat"
"Ola Electric","S1 Pro","ev_two_wheeler",1984,"2024-02-01","Maharashtra"
"Ola Electric","S1 Pro","ev_two_wheeler",1636,"2024-02-01","Karnataka"
"Ola Electric","S1 Pro","ev_two_wheeler",1539,"2024-02-01","Delhi"
"Ola Electric","S1 Pro","ev_two_wheeler",1060,"2024-02-01","Tamil Nadu"
"Ola Electric","S1 Pro","ev_two_wheeler",1153,"2024-02-01","Uttar Pradesh"
"Ola Electric","S1 Pro","ev_two_wheeler",1057,"2024-02-01","Gujarat"
"TVS Motor","iQube","ev_two_wheeler",350,"2024-02-01","Maharashtra"
"TVS Motor","iQube","ev_two_wheeler",301,"2024-02-01","Karnataka"
"TVS Motor","iQube","ev_two_wheeler",250,"2024-02-01","Delhi"
"TVS Motor","iQube","ev_two_wheeler",199,"2024-02-01","Tamil Nadu"
"TVS Motor","iQube","ev_two_wheeler",203,"2024-02-01","Uttar Pradesh"
"TVS Motor","iQube","ev_two_wheeler",211,"2024-02-01","Gujarat"
"Bajaj Auto","Chetak","ev_two_wheeler",89,"2024-02-01","Maharashtra"
"Bajaj Auto","Chetak","ev_two_wheeler",88,"2024-02-01","Karnataka"
"Bajaj Auto","Chetak","ev_two_wheeler",67,"2024-02-01","Delhi"
"Bajaj Auto","Chetak","ev_two_wheeler",56,"2024-02-01","Tamil Nadu"
"Bajaj Auto","Chetak","ev_two_wheeler",51,"2024-02-01","Uttar Pradesh"
"Bajaj Auto","Chetak","ev_two_wheeler",60,"2024-02-01","Gujarat"
"Hero Electric","Photon","ev_two_wheeler",49,"2024-02-01","Maharashtra"
"Hero Electric","Photon","ev_two_wheeler",45,"2024-02-01","Karnataka"
"Hero Electric","Photon","ev_two_wheeler",31,"2024-02-01","Delhi"
"Hero Electric","Photon","ev_two_wheeler",30,"2024-02-01","Tamil Nadu"
"Hero Electric","Photon","ev_two_wheeler",27,"2024-02-01","Uttar Pradesh"
"Hero Electric","Photon","ev_two_wheeler",32,"2024-02-01","Gujarat"
"Tata Motors","Nexon EV","ev_four_wheeler",612,"2024-02-01","Maharashtra"
"Tata Motors","Nexon EV","ev_four_wheeler",488,"2024-02-01","Karnataka"
"Tata Motors","Nexon EV","ev_four_wheeler",491,"2024-02-01","Delhi"
"Tata Motors","Nexon EV","ev_four_wheeler",405,"2024-02-01","Tamil Nadu"
"Tata Motors","Nexon EV","ev_four_wheeler",339,"2024-02-01","Uttar Pradesh"
"Tata Motors","Nexon EV","ev_four_wheeler",362,"2024-02-01","Gujarat"
"Mahindra & Mahindra","XUV400","ev_four_wheeler",39,"2024-02-01","Maharashtra"
"Mahindra & Mahindra","XUV400","ev_four_wheeler",37,"2024-02-01","Karnataka"
"Mahindra & Mahindra","XUV400","ev_four_wheeler",27,"2024-02-01","Delhi"
"Mahindra & Mahindra","XUV400","ev_four_wheeler",23,"2024-02-01","Tamil Nadu"
"Mahindra & Mahindra","XUV400","ev_four_wheeler",20,"2024-02-01","Uttar Pradesh"
"Mahindra & Mahindra","XUV400","ev_four_wheeler",22,"2024-02-01","Gujarat"
"Ather Energy","450X","ev_two_wheeler",496,"2024-03-01","Maharashtra"
"Ather Energy","450X","ev_two_wheeler",384,"2024-03-01","Karnataka"
"Ather Energy","450X","ev_two_wheeler",340,"2024-03-01","Delhi"
"Ather Energy","450X","ev_two_wheeler",230,"2024-03-01","Tamil Nadu"
"Ather Energy","450X","ev_two_wheeler",272,"2024-03-01","Uttar Pradesh"
"Ather Energy","450X","ev_two_wheeler",278,"2024-03-01","Gujarat"
"Ola Electric","S1 Pro","ev_two_wheeler",2002,"2024-03-01","Maharashtra"
"Ola Electric","S1 Pro","ev_two_wheeler",1524,"2024-03-01","Karnataka"
"Ola Electric","S1 Pro","ev_two_wheeler",1308,"2024-03-01","Delhi"
"Ola Electric","S1 Pro","ev_two_wheeler",1077,"2024-03-01","Tamil Nadu"
"Ola Electric","S1 Pro","ev_two_wheeler",1139,"2024-03-01","Uttar Pradesh"
"Ola Electric","S1 Pro","ev_two_wheeler",1282,"2024-03-01","Gujarat"
"TVS Motor","iQube","ev_two_wheeler",316,"2024-03-01","Maharashtra"
"TVS Motor","iQube","ev_two_wheeler",241,"2024-03-01","Karnataka"
"TVS Motor","iQube","ev_two_wheeler",211,"2024-03-01","Delhi"
"TVS Motor","iQube","ev_two_wheeler",174,"2024-03-01","Tamil Nadu"
"TVS Motor","iQube","ev_two_wheeler",190,"2024-03-01","Uttar Pradesh"
"TVS Motor","iQube","ev_two_wheeler",165,"2024-03-01","Gujarat"
"Bajaj Auto","Chetak","ev_two_wheeler",99,"2024-03-01","Maharashtra"
"Bajaj Auto","Chetak","ev_two_wheeler",94,"2024-03-01","Karnataka"
"Bajaj Auto","Chetak","ev_two_wheeler",61,"2024-03-01","Delhi"
"Bajaj Auto","Chetak","ev_two_wheeler",54,"2024-03-01","Tamil Nadu"
"Bajaj Auto","Chetak","ev_two_wheeler",62,"2024-03-01","Uttar Pradesh"
"Bajaj Auto","Chetak","ev_two_wheeler",61,"2024-03-01","Gujarat"
"Hero Electric","Photon","ev_two_wheeler",42,"2024-03-01","Maharashtra"
"Hero Electric","Photon","ev_two_wheeler",42,"2024-03-01","Karnataka"
"Hero Electric","Photon","ev_two_wheeler",26,"2024-03-01","Delhi"
"Hero Electric","Photon","ev_two_wheeler",26,"2024-03-01","Tamil Nadu"
"Hero Electric","Photon","ev_two_wheeler",26,"2024-03-01","Uttar Pradesh"
"Hero Electric","Photon","ev_two_wheeler",28,"2024-03-01","Gujarat"
"Tata Motors","Nexon EV","ev_four_wheeler",556,"2024-03-01","Maharashtra"
"Tata Motors","Nexon EV","ev_four_wheeler",477,"2024-03-01","Karnataka"
"Tata Motors","Nexon EV","ev_four_wheeler",469,"2024-03-01","Delhi"
"Tata Motors","Nexon EV","ev_four_wheeler",317,"2024-03-01","Tamil Nadu"
"Tata Motors","Nexon EV","ev_four_wheeler",342,"2024-03-01","Uttar Pradesh"
"Tata Motors","Nexon EV","ev_four_wheeler",306,"2024-03-01","Gujarat"
"Mahindra & Mahindra","XUV400","ev_four_wheeler",32,"2024-03-01","Maharashtra"
"Mahindra & Mahindra","XUV400","ev_four_wheeler",31,"2024-03-01","Karnataka"
"Mahindra & Mahindra","XUV400","ev_four_wheeler",23,"2024-03-01","Delhi"
"Mahindra & Mahindra","XUV400","ev_four_wheeler",24,"2024-03-01","Tamil Nadu"
"Mahindra & Mahindra","XUV400","ev_four_wheeler",24,"2024-03-01","Uttar Pradesh"
"Mahindra & Mahindra","XUV400","ev_four_wheeler",22,"2024-03-01","Gujarat"
"Ather Energy","450X","ev_two_wheeler",460,"2024-04-01","Maharashtra"
"Ather Energy","450X","ev_two_wheeler",470,"2024-04-01","Karnataka"
"Ather Energy","450X","ev_two_wheeler",318,"2024-04-01","Delhi"
"Ather Energy","450X","ev_two_wheeler",274,"2024-04-01","Tamil Nadu"
"Ather Energy","450X","ev_two_wheeler",287,"2024-04-01","Uttar Pradesh"
"Ather Energy","450X","ev_two_wheeler",243,"2024-04-01","Gujarat"
"Ola Electric","S1 Pro","ev_two_wheeler",2517,"2024-04-01","Maharashtra"
"Ola Electric","S1 Pro","ev_two_wheeler",2489,"2024-04-01","Karnataka"
"Ola Electric","S1 Pro","ev_two_wheeler",2104,"2024-04-01","Delhi"
"Ola Electric","S1 Pro","ev_two_wheeler",1477,"2024-04-01","Tamil Nadu"
"Ola Electric","S1 Pro","ev_two_wheeler",1354,"2024-04-01","Uttar Pradesh"
"Ola Electric","S1 Pro","ev_two_wheeler",1772,"2024-04-01","Gujarat"
"TVS Motor","iQube","ev_two_wheeler",395,"2024-04-01","Maharashtra"
"TVS Motor","iQube","ev_two_wheeler",319,"2024-04-01","Karnataka"
"TVS Motor","iQube","ev_two_wheeler",240,"2024-04-01","Delhi"
"TVS Motor","iQube","ev_two_wheeler",197,"2024-04-01","Tamil Nadu"
"TVS Motor","iQube","ev_two_wheeler",213,"2024-04-01","Uttar Pradesh"
"TVS Motor","iQube","ev_two_wheeler",254,"2024-04-01","Gujarat"
"Bajaj Auto","Chetak","ev_two_wheeler",112,"2024-04-01","Maharashtra"
"Bajaj Auto","Chetak","ev_two_wheeler",103,"2024-04-01","Karnataka"
"Bajaj Auto","Chetak","ev_two_wheeler",75,"2024-04-01","Delhi"
"Bajaj Auto","Chetak","ev_two_wheeler",69,"2024-04-01","Tamil Nadu"
"Bajaj Auto","Chetak","ev_two_wheeler",62,"2024-04-01","Uttar Pradesh"
"Bajaj Auto","Chetak","ev_two_wheeler",75,"2024-04-01","Gujarat"
"Hero Electric","Photon","ev_two_wheeler",50,"2024-04-01","Maharashtra"
"Hero Electric","Photon","ev_two_wheeler",40,"2024-04-01","Karnataka"
"Hero Electric","Photon","ev_two_wheeler",36,"2024-04-01","Delhi"
"Hero Electric","Photon","ev_two_wheeler",23,"2024-04-01","Tamil Nadu"
"Hero Electric","Photon","ev_two_wheeler",29,"2024-04-01","Uttar Pradesh"
"Hero Electric","Photon","ev_two_wheeler",29,"2024-04-01","Gujarat"
"Tata Motors","Nexon EV","ev_four_wheeler",613,"2024-04-01","Maharashtra"
"Tata Motors","Nexon EV","ev_four_wheeler",704,"2024-04-01","Karnataka"
"Tata Motors","Nexon EV","ev_four_wheeler",571,"2024-04-01","Delhi"
"Tata Motors","Nexon EV","ev_four_wheeler",407,"2024-04-01","Tamil Nadu"
"Tata Motors","Nexon EV","ev_four_wheeler",427,"2024-04-01","Uttar Pradesh"
"Tata Motors","Nexon EV","ev_four_wheeler",468,"2024-04-01","Gujarat"
"Mahindra & Mahindra","XUV400","ev_four_wheeler",48,"2024-04-01","Maharashtra"
"Mahindra & Mahindra","XUV400","ev_four_wheeler",39,"2024-04-01","Karnataka"
"Mahindra & Mahindra","XUV400","ev_four_wheeler",30,"2024-04-01","Delhi"
"Mahindra & Mahindra","XUV400","ev_four_wheeler",28,"2024-04-01","Tamil Nadu"
"Mahindra & Mahindra","XUV400","ev_four_wheeler",22,"2024-04-01","Uttar Pradesh"
"Mahindra & Mahindra","XUV400","ev_four_wheeler",29,"2024-04-01","Gujarat"
"Ather Energy","450X","ev_two_wheeler",452,"2024-05-01","Maharashtra"
"Ather Energy","450X","ev_two_wheeler",438,"2024-05-01","Karnataka"
"Ather Energy","450X","ev_two_wheeler",302,"2024-05-01","Delhi"
"Ather Energy","450X","ev_two_wheeler",319,"2024-05-01","Tamil Nadu"
"Ather Energy","450X","ev_two_wheeler",302,"2024-05-01","Uttar Pradesh"
"Ather Energy","450X","ev_two_wheeler",286,"2024-05-01","Gujarat"
"Ola Electric","S1 Pro","ev_two_wheeler",3036,"2024-05-01","Maharashtra"
"Ola Electric","S1 Pro","ev_two_wheeler",2095,"2024-05-01","Karnataka"
"Ola Electric","S1 Pro","ev_two_wheeler",1938,"2024-05-01","Delhi"
"Ola Electric","S1 Pro","ev_two_wheeler",1381,"2024-05-01","Tamil Nadu"
"Ola Electric","S1 Pro","ev_two_wheeler",1650,"2024-05-01","Uttar Pradesh"
"Ola Electric","S1 Pro","ev_two_wheeler",1534,"2024-05-01","Gujarat"
"TVS Motor","iQube","ev_two_wheeler",333,"2024-05-01","Maharashtra"
"TVS Motor","iQube","ev_two_wheeler",332,"2024-05-01","Karnataka"
"TVS Motor","iQube","ev_two_wheeler",262,"2024-05-01","Delhi"
"TVS Motor","iQube","ev_two_wheeler",259,"2024-05-01","Tamil Nadu"
"TVS Motor","iQube","ev_two_wheeler",267,"2024-05-01","Uttar Pradesh"
"TVS Motor","iQube","ev_two_wheeler",242,"2024-05-01","Gujarat"
"Bajaj Auto","Chetak","ev_two_wheeler",110,"2024-05-01","Maharashtra"
"Bajaj Auto","Chetak","ev_two_wheeler",109,"2024-05-01","Karnataka"
"Bajaj Auto","Chetak","ev_two_wheeler",80,"2024-05-01","Delhi"
"Bajaj Auto","Chetak","ev_two_wheeler",67,"2024-05-01","Tamil Nadu"
"Bajaj Auto","Chetak","ev_two_wheeler",61,"2024-05-01","Uttar Pradesh"
"Bajaj Auto","Chetak","ev_two_wheeler",63,"2024-05-01","Gujarat"
"Hero Electric","Photon","ev_two_wheeler",40,"2024-05-01","Maharashtra"
"Hero Electric","Photon","ev_two_wheeler",37,"2024-05-01","Karnataka"
"Hero Electric","Photon","ev_two_wheeler",36,"2024-05-01","Delhi"
"Hero Electric","Photon","ev_two_wheeler",24,"2024-05-01","Tamil Nadu"
"Hero Electric","Photon","ev_two_wheeler",32,"2024-05-01","Uttar Pradesh"
"Hero Electric","Photon","ev_two_wheeler",25,"2024-05-01","Gujarat"
"Tata Motors","Nexon EV","ev_four_wheeler",663,"2024-05-01","Maharashtra"
"Tata Motors","Nexon EV","ev_four_wheeler",621,"2024-05-01","Karnataka"
"Tata Motors","Nexon EV","ev_four_wheeler",567,"2024-05-01","Delhi"
"Tata Motors","Nexon EV","ev_four_wheeler",385,"2024-05-01","Tamil Nadu"
"Tata Motors","Nexon EV","ev_four_wheeler",416,"2024-05-01","Uttar Pradesh"
"Tata Motors","Nexon EV","ev_four_wheeler",376,"2024-05-01","Gujarat"
"Mahindra & Mahindra","XUV400","ev_four_wheeler",41,"2024-05-01","Maharashtra"
"Mahindra & Mahindra","XUV400","ev_four_wheeler",36,"2024-05-01","Karnataka"
"Mahindra & Mahindra","XUV400","ev_four_wheeler",28,"2024-05-01","Delhi"
"Mahindra & Mahindra","XUV400","ev_four_wheeler",27,"2024-05-01","Tamil Nadu"
"Mahindra & Mahindra","XUV400","ev_four_wheeler",24,"2024-05-01","Uttar Pradesh"
"Mahindra & Mahindra","XUV400","ev_four_wheeler",22,"2024-05-01","Gujarat"
"Ather Energy","450X","ev_two_wheeler",607,"2024-06-01","Maharashtra"
"Ather Energy","450X","ev_two_wheeler",558,"2024-06-01","Karnataka"
"Ather Energy","450X","ev_two_wheeler",497,"2024-06-01","Delhi"
"Ather Energy","450X","ev_two_wheeler",325,"2024-06-01","Tamil Nadu"
"Ather Energy","450X","ev_two_wheeler",351,"2024-06-01","Uttar Pradesh"
"Ather Energy","450X","ev_two_wheeler",399,"2024-06-01","Gujarat"
"Ola Electric","S1 Pro","ev_two_wheeler",2786,"2024-06-01","Maharashtra"
"Ola Electric","S1 Pro","ev_two_wheeler",2608,"2024-06-01","Karnataka"
"Ola Electric","S1 Pro","ev_two_wheeler",2231,"2024-06-01","Delhi"
"Ola Electric","S1 Pro","ev_two_wheeler",1553,"2024-06-01","Tamil Nadu"
"Ola Electric","S1 Pro","ev_two_wheeler",1707,"2024-06-01","Uttar Pradesh"
"Ola Electric","S1 Pro","ev_two_wheeler",1570,"2024-06-01","Gujarat"
"TVS Motor","iQube","ev_two_wheeler",476,"2024-06-01","Maharashtra"
"TVS Motor","iQube","ev_two_wheeler",374,"2024-06-01","Karnataka"
"TVS Motor","iQube","ev_two_wheeler",270,"2024-06-01","Delhi"
"TVS Motor","iQube","ev_two_wheeler",276,"2024-06-01","Tamil Nadu"
"TVS Motor","iQube","ev_two_wheeler",266,"2024-06-01","Uttar Pradesh"
"TVS Motor","iQube","ev_two_wheeler",260,"2024-06-01","Gujarat"
"Bajaj Auto","Chetak","ev_two_wheeler",130,"2024-06-01","Maharashtra"
"Bajaj Auto","Chetak","ev_two_wheeler",102,"2024-06-01","Karnataka"
"Bajaj Auto","Chetak","ev_two_wheeler",84,"2024-06-01","Delhi"
"Bajaj Auto","Chetak","ev_two_wheeler",66,"2024-06-01","Tamil Nadu"
"Bajaj Auto","Chetak","ev_two_wheeler",69,"2024-06-01","Uttar Pradesh"
"Bajaj Auto","Chetak","ev_two_wheeler",71,"2024-06-01","Gujarat"
"Hero Electric","Photon","ev_two_wheeler",41,"2024-06-01","Maharashtra"
"Hero Electric","Photon","ev_two_wheeler",35,"2024-06-01","Karnataka"
"Hero Electric","Photon","ev_two_wheeler",30,"2024-06-01","Delhi"
"Hero Electric","Photon","ev_two_wheeler",24,"2024-06-01","Tamil Nadu"
"Hero Electric","Photon","ev_two_wheeler",24,"2024-06-01","Uttar Pradesh"
"Hero Electric","Photon","ev_two_wheeler",23,"2024-06-01","Gujarat"
"Tata Motors","Nexon EV","ev_four_wheeler",934,"2024-06-01","Maharashtra"
"Tata Motors","Nexon EV","ev_four_wheeler",733,"2024-06-01","Karnataka"
"Tata Motors","Nexon EV","ev_four_wheeler",617,"2024-06-01","Delhi"
"Tata Motors","Nexon EV","ev_four_wheeler",478,"2024-06-01","Tamil Nadu"
"Tata Motors","Nexon EV","ev_four_wheeler",470,"2024-06-01","Uttar Pradesh"
"Tata Motors","Nexon EV","ev_four_wheeler",563,"2024-06-01","Gujarat"
"Mahindra & Mahindra","XUV400","ev_four_wheeler",47,"2024-06-01","Maharashtra"
"Mahindra & Mahindra","XUV400","ev_four_wheeler",38,"2024-06-01","Karnataka"
"Mahindra & Mahindra","XUV400","ev_four_wheeler",31,"2024-06-01","Delhi"
"Mahindra & Mahindra","XUV400","ev_four_wheeler",28,"2024-06-01","Tamil Nadu"
"Mahindra & Mahindra","XUV400","ev_four_wheeler",30,"2024-06-01","Uttar Pradesh"
"Mahindra & Mahindra","XUV400","ev_four_wheeler",29,"2024-06-01","Gujarat"
"Ather Energy","450X","ev_two_wheeler",597,"2024-07-01","Maharashtra"
"Ather Energy","450X","ev_two_wheeler",571,"2024-07-01","Karnataka"
"Ather Energy","450X","ev_two_wheeler",422,"2024-07-01","Delhi"
"Ather Energy","450X","ev_two_wheeler",374,"2024-07-01","Tamil Nadu"
"Ather Energy","450X","ev_two_wheeler",391,"2024-07-01","Uttar Pradesh"
"Ather Energy","450X","ev_two_wheeler",382,"2024-07-01","Gujarat"
"Ola Electric","S1 Pro","ev_two_wheeler",3412,"2024-07-01","Maharashtra"
"Ola Electric","S1 Pro","ev_two_wheeler",2678,"2024-07-01","Karnataka"
"Ola Electric","S1 Pro","ev_two_wheeler",2359,"2024-07-01","Delhi"
"Ola Electric","S1 Pro","ev_two_wheeler",1930,"2024-07-01","Tamil Nadu"
"Ola Electric","S1 Pro","ev_two_wheeler",1642,"2024-07-01","Uttar Pradesh"
"Ola Electric","S1 Pro","ev_two_wheeler",1930,"2024-07-01","Gujarat"
"TVS Motor","iQube","ev_two_wheeler",499,"2024-07-01","Maharashtra"
"TVS Motor","iQube","ev_two_wheeler",464,"2024-07-01","Karnataka"
"TVS Motor","iQube","ev_two_wheeler",383,"2024-07-01","Delhi"
"TVS Motor","iQube","ev_two_wheeler",269,"2024-07-01","Tamil Nadu"
"TVS Motor","iQube","ev_two_wheeler",268,"2024-07-01","Uttar Pradesh"
"TVS Motor","iQube","ev_two_wheeler",287,"2024-07-01","Gujarat"
"Bajaj Auto","Chetak","ev_two_wheeler",141,"2024-07-01","Maharashtra"
"Bajaj Auto","Chetak","ev_two_wheeler",101,"2024-07-01","Karnataka"
"Bajaj Auto","Chetak","ev_two_wheeler",88,"2024-07-01","Delhi"
"Bajaj Auto","Chetak","ev_two_wheeler",68,"2024-07-01","Tamil Nadu"
"Bajaj Auto","Chetak","ev_two_wheeler",69,"2024-07-01","Uttar Pradesh"
"Bajaj Auto","Chetak","ev_two_wheeler",82,"2024-07-01","Gujarat"
"Hero Electric","Photon","ev_two_wheeler",42,"2024-07-01","Maharashtra"
"Hero Electric","Photon","ev_two_wheeler",36,"2024-07-01","Karnataka"
"Hero Electric","Photon","ev_two_wheeler",30,"2024-07-01","Delhi"
"Hero Electric","Photon","ev_two_wheeler",23,"2024-07-01","Tamil Nadu"
"Hero Electric","Photon","ev_two_wheeler",27,"2024-07-01","Uttar Pradesh"
"Hero Electric","Photon","ev_two_wheeler",24,"2024-07-01","Gujarat"
"Tata Motors","Nexon EV","ev_four_wheeler",743,"2024-07-01","Maharashtra"
"Tata Motors","Nexon EV","ev_four_wheeler",597,"2024-07-01","Karnataka"
"Tata Motors","Nexon EV","ev_four_wheeler",640,"2024-07-01","Delhi"
"Tata Motors","Nexon EV","ev_four_wheeler",531,"2024-07-01","Tamil Nadu"
"Tata Motors","Nexon EV","ev_four_wheeler",526,"2024-07-01","Uttar Pradesh"
"Tata Motors","Nexon EV","ev_four_wheeler",439,"2024-07-01","Gujarat"
"Mahindra & Mahindra","XUV400","ev_four_wheeler",45,"2024-07-01","Maharashtra"
"Mahindra & Mahindra","XUV400","ev_four_wheeler",43,"2024-07-01","Karnataka"
"Mahindra & Mahindra","XUV400","ev_four_wheeler",37,"2024-07-01","Delhi"
"Mahindra & Mahindra","XUV400","ev_four_wheeler",23,"2024-07-01","Tamil Nadu"
"Mahindra & Mahindra","XUV400","ev_four_wheeler",28,"2024-07-01","Uttar Pradesh"
"Mahindra & Mahindra","XUV400","ev_four_wheeler",24,"2024-07-01","Gujarat"
"Ather Energy","450X","ev_two_wheeler",633,"2024-08-01","Maharashtra"
"Ather Energy","450X","ev_two_wheeler",596,"2024-08-01","Karnataka"
"Ather Energy","450X","ev_two_wheeler",476,"2024-08-01","Delhi"
"Ather Energy","450X","ev_two_wheeler",416,"2024-08-01","Tamil Nadu"
"Ather Energy","450X","ev_two_wheeler",338,"2024-08-01","Uttar Pradesh"
"Ather Energy","450X","ev_two_wheeler",360,"2024-08-01","Gujarat"
"Ola Electric","S1 Pro","ev_two_wheeler",3955,"2024-08-01","Maharashtra"
"Ola Electric","S1 Pro","ev_two_wheeler",3163,"2024-08-01","Karnataka"
"Ola Electric","S1 Pro","ev_two_wheeler",2865,"2024-08-01","Delhi"
"Ola Electric","S1 Pro","ev_two_wheeler",2543,"2024-08-01","Tamil Nadu"
"Ola Electric","S1 Pro","ev_two_wheeler",2530,"2024-08-01","Uttar Pradesh"
"Ola Electric","S1 Pro","ev_two_wheeler",2075,"2024-08-01","Gujarat"
"TVS Motor","iQube","ev_two_wheeler",505,"2024-08-01","Maharashtra"
"TVS Motor","iQube","ev_two_wheeler",411,"2024-08-01","Karnataka"
"TVS Motor","iQube","ev_two_wheeler",300,"2024-08-01","Delhi"
"TVS Motor","iQube","ev_two_wheeler",249,"2024-08-01","Tamil Nadu"
"TVS Motor","iQube","ev_two_wheeler",280,"2024-08-01","Uttar Pradesh"
"TVS Motor","iQube","ev_two_wheeler",287,"2024-08-01","Gujarat"
"Bajaj Auto","Chetak","ev_two_wheeler",134,"2024-08-01","Maharashtra"
"Bajaj Auto","Chetak","ev_two_wheeler",114,"2024-08-01","Karnataka"
"Bajaj Auto","Chetak","ev_two_wheeler",78,"2024-08-01","Delhi"
"Bajaj Auto","Chetak","ev_two_wheeler",71,"2024-08-01","Tamil Nadu"
"Bajaj Auto","Chetak","ev_two_wheeler",82,"2024-08-01","Uttar Pradesh"
"Bajaj Auto","Chetak","ev_two_wheeler",69,"2024-08-01","Gujarat"
"Hero Electric","Photon","ev_two_wheeler",48,"2024-08-01","Maharashtra"
"Hero Electric","Photon","ev_two_wheeler",37,"2024-08-01","Karnataka"
"Hero Electric","Photon","ev_two_wheeler",38,"2024-08-01","Delhi"
"Hero Electric","Photon","ev_two_wheeler",27,"2024-08-01","Tamil Nadu"
"Hero Electric","Photon","ev_two_wheeler",28,"2024-08-01","Uttar Pradesh"
"Hero Electric","Photon","ev_two_wheeler",29,"2024-08-01","Gujarat"
"Tata Motors","Nexon EV","ev_four_wheeler",827,"2024-08-01","Maharashtra"
"Tata Motors","Nexon EV","ev_four_wheeler",789,"2024-08-01","Karnataka"
"Tata Motors","Nexon EV","ev_four_wheeler",687,"2024-08-01","Delhi"
"Tata Motors","Nexon EV","ev_four_wheeler",526,"2024-08-01","Tamil Nadu"
"Tata Motors","Nexon EV","ev_four_wheeler",528,"2024-08-01","Uttar Pradesh"
"Tata Motors","Nexon EV","ev_four_wheeler",538,"2024-08-01","Gujarat"
"Mahindra & Mahindra","XUV400","ev_four_wheeler",51,"2024-08-01","Maharashtra"
"Mahindra & Mahindra","XUV400","ev_four_wheeler",41,"2024-08-01","Karnataka"
"Mahindra & Mahindra","XUV400","ev_four_wheeler",32,"2024-08-01","Delhi"
"Mahindra & Mahindra","XUV400","ev_four_wheeler",25,"2024-08-01","Tamil Nadu"
"Mahindra & Mahindra","XUV400","ev_four_wheeler",28,"2024-08-01","Uttar Pradesh"
"Mahindra & Mahindra","XUV400","ev_four_wheeler",29,"2024-08-01","Gujarat"
"Ather Energy","450X","ev_two_wheeler",632,"2024-09-01","Maharashtra"
"Ather Energy","450X","ev_two_wheeler",588,"2024-09-01","Karnataka"
"Ather Energy","450X","ev_two_wheeler",481,"2024-09-01","Delhi"
"Ather Energy","450X","ev_two_wheeler",458,"2024-09-01","Tamil Nadu"
"Ather Energy","450X","ev_two_wheeler",453,"2024-09-01","Uttar Pradesh"
"Ather Energy","450X","ev_two_wheeler",467,"2024-09-01","Gujarat"
"Ola Electric","S1 Pro","ev_two_wheeler",3116,"2024-09-01","Maharashtra"
"Ola Electric","S1 Pro","ev_two_wheeler",3096,"2024-09-01","Karnataka"
"Ola Electric","S1 Pro","ev_two_wheeler",2192,"2024-09-01","Delhi"
"Ola Electric","S1 Pro","ev_two_wheeler",2206,"2024-09-01","Tamil Nadu"
"Ola Electric","S1 Pro","ev_two_wheeler",2248,"2024-09-01","Uttar Pradesh"
"Ola Electric","S1 Pro","ev_two_wheeler",2088,"2024-09-01","Gujarat"
"TVS Motor","iQube","ev_two_wheeler",459,"2024-09-01","Maharashtra"
"TVS Motor","iQube","ev_two_wheeler",457,"2024-09-01","Karnataka"
"TVS Motor","iQube","ev_two_wheeler",421,"2024-09-01","Delhi"
"TVS Motor","iQube","ev_two_wheeler",294,"2024-09-01","Tamil Nadu"
"TVS Motor","iQube","ev_two_wheeler",320,"2024-09-01","Uttar Pradesh"
"TVS Motor","iQube","ev_two_wheeler",310,"2024-09-01","Gujarat"
"Bajaj Auto","Chetak","ev_two_wheeler",143,"2024-09-01","Maharashtra"
"Bajaj Auto","Chetak","ev_two_wheeler",132,"2024-09-01","Karnataka"
"Bajaj Auto","Chetak","ev_two_wheeler",112,"2024-09-01","Delhi"
"Bajaj Auto","Chetak","ev_two_wheeler",93,"2024-09-01","Tamil Nadu"
"Bajaj Auto","Chetak","ev_two_wheeler",86,"2024-09-01","Uttar Pradesh"
"Bajaj Auto","Chetak","ev_two_wheeler",92,"2024-09-01","Gujarat"
"Hero Electric","Photon","ev_two_wheeler",45,"2024-09-01","Maharashtra"
"Hero Electric","Photon","ev_two_wheeler",38,"2024-09-01","Karnataka"
"Hero Electric","Photon","ev_two_wheeler",29,"2024-09-01","Delhi"
"Hero Electric","Photon","ev_two_wheeler",24,"2024-09-01","Tamil Nadu"
"Hero Electric","Photon","ev_two_wheeler",29,"2024-09-01","Uttar Pradesh"
"Hero Electric","Photon","ev_two_wheeler",23,"2024-09-01","Gujarat"
"Tata Motors","Nexon EV","ev_four_wheeler",840,"2024-09-01","Maharashtra"
"Tata Motors","Nexon EV","ev_four_wheeler",782,"2024-09-01","Karnataka"
"Tata Motors","Nexon EV","ev_four_wheeler",698,"2024-09-01","Delhi"
"Tata Motors","Nexon EV","ev_four_wheeler",503,"2024-09-01","Tamil Nadu"
"Tata Motors","Nexon EV","ev_four_wheeler",611,"2024-09-01","Uttar Pradesh"
"Tata Motors","Nexon EV","ev_four_wheeler",526,"2024-09-01","Gujarat"
"Mahindra & Mahindra","XUV400","ev_four_wheeler",46,"2024-09-01","Maharashtra"
"Mahindra & Mahindra","XUV400","ev_four_wheeler",41,"2024-09-01","Karnataka"
"Mahindra & Mahindra","XUV400","ev_four_wheeler",29,"2024-09-01","Delhi"
"Mahindra & Mahindra","XUV400","ev_four_wheeler",28,"2024-09-01","Tamil Nadu"
"Mahindra & Mahindra","XUV400","ev_four_wheeler",29,"2024-09-01","Uttar Pradesh"
"Mahindra & Mahindra","XUV400","ev_four_wheeler",28,"2024-09-01","Gujarat"
"Ather Energy","450X","ev_two_wheeler",1053,"2024-10-01","Maharashtra"
"Ather Energy","450X","ev_two_wheeler",903,"2024-10-01","Karnataka"
"Ather Energy","450X","ev_two_wheeler",603,"2024-10-01","Delhi"
"Ather Energy","450X","ev_two_wheeler",589,"2024-10-01","Tamil Nadu"
"Ather Energy","450X","ev_two_wheeler",503,"2024-10-01","Uttar Pradesh"
"Ather Energy","450X","ev_two_wheeler",516,"2024-10-01","Gujarat"
"Ola Electric","S1 Pro","ev_two_wheeler",5131,"2024-10-01","Maharashtra"
"Ola Electric","S1 Pro","ev_two_wheeler",5080,"2024-10-01","Karnataka"
"Ola Electric","S1 Pro","ev_two_wheeler",3135,"2024-10-01","Delhi"
"Ola Electric","S1 Pro","ev_two_wheeler",3398,"2024-10-01","Tamil Nadu"
"Ola Electric","S1 Pro","ev_two_wheeler",2867,"2024-10-01","Uttar Pradesh"
"Ola Electric","S1 Pro","ev_two_wheeler",2707,"2024-10-01","Gujarat"
"TVS Motor","iQube","ev_two_wheeler",745,"2024-10-01","Maharashtra"
"TVS Motor","iQube","ev_two_wheeler",723,"2024-10-01","Karnataka"
"TVS Motor","iQube","ev_two_wheeler",518,"2024-10-01","Delhi"
"TVS Motor","iQube","ev_two_wheeler",395,"2024-10-01","Tamil Nadu"
"TVS Motor","iQube","ev_two_wheeler",496,"2024-10-01","Uttar Pradesh"
"TVS Motor","iQube","ev_two_wheeler",460,"2024-10-01","Gujarat"
"Bajaj Auto","Chetak","ev_two_wheeler",171,"2024-10-01","Maharashtra"
"Bajaj Auto","Chetak","ev_two_wheeler",179,"2024-10-01","Karnataka"
"Bajaj Auto","Chetak","ev_two_wheeler",125,"2024-10-01","Delhi"
"Bajaj Auto","Chetak","ev_two_wheeler",104,"2024-10-01","Tamil Nadu"
"Bajaj Auto","Chetak","ev_two_wheeler",93,"2024-10-01","Uttar Pradesh"
"Bajaj Auto","Chetak","ev_two_wheeler",100,"2024-10-01","Gujarat"
"Hero Electric","Photon","ev_two_wheeler",53,"2024-10-01","Maharashtra"
"Hero Electric","Photon","ev_two_wheeler",43,"2024-10-01","Karnataka"
"Hero Electric","Photon","ev_two_wheeler",39,"2024-10-01","Delhi"
"Hero Electric","Photon","ev_two_wheeler",34,"2024-10-01","Tamil Nadu"
"Hero Electric","Photon","ev_two_wheeler",28,"2024-10-01","Uttar Pradesh"
"Hero Electric","Photon","ev_two_wheeler",26,"2024-10-01","Gujarat"
"Tata Motors","Nexon EV","ev_four_wheeler",1484,"2024-10-01","Maharashtra"
"Tata Motors","Nexon EV","ev_four_wheeler",1039,"2024-10-01","Karnataka"
"Tata Motors","Nexon EV","ev_four_wheeler",1021,"2024-10-01","Delhi"
"Tata Motors","Nexon EV","ev_four_wheeler",716,"2024-10-01","Tamil Nadu"
"Tata Motors","Nexon EV","ev_four_wheeler",736,"2024-10-01","Uttar Pradesh"
"Tata Motors","Nexon EV","ev_four_wheeler",888,"2024-10-01","Gujarat"
"Mahindra & Mahindra","XUV400","ev_four_wheeler",51,"2024-10-01","Maharashtra"
"Mahindra & Mahindra","XUV400","ev_four_wheeler",47,"2024-10-01","Karnataka"
"Mahindra & Mahindra","XUV400","ev_four_wheeler",43,"2024-10-01","Delhi"
"Mahindra & Mahindra","XUV400","ev_four_wheeler",33,"2024-10-01","Tamil Nadu"
"Mahindra & Mahindra","XUV400","ev_four_wheeler",30,"2024-10-01","Uttar Pradesh"
"Mahindra & Mahindra","XUV400","ev_four_wheeler",32,"2024-10-01","Gujarat"
"Ather Energy","450X","ev_two_wheeler",782,"2024-11-01","Maharashtra"
"Ather Energy","450X","ev_two_wheeler",822,"2024-11-01","Karnataka"
"Ather Energy","450X","ev_two_wheeler",594,"2024-11-01","Delhi"
"Ather Energy","450X","ev_two_wheeler",534,"2024-11-01","Tamil Nadu"
"Ather Energy","450X","ev_two_wheeler",554,"2024-11-01","Uttar Pradesh"
"Ather Energy","450X","ev_two_wheeler",598,"2024-11-01","Gujarat"
"Ola Electric","S1 Pro","ev_two_wheeler",6971,"2024-11-01","Maharashtra"
"Ola Electric","S1 Pro","ev_two_wheeler",5150,"2024-11-01","Karnataka"
"Ola Electric","S1 Pro","ev_two_wheeler",4228,"2024-11-01","Delhi"
"Ola Electric","S1 Pro","ev_two_wheeler",3792,"2024-11-01","Tamil Nadu"
"Ola Electric","S1 Pro","ev_two_wheeler",4022,"2024-11-01","Uttar Pradesh"
"Ola Electric","S1 Pro","ev_two_wheeler",3876,"2024-11-01","Gujarat"
"TVS Motor","iQube","ev_two_wheeler",704,"2024-11-01","Maharashtra"
"TVS Motor","iQube","ev_two_wheeler",684,"2024-11-01","Karnataka"
"TVS Motor","iQube","ev_two_wheeler",437,"2024-11-01","Delhi"
"TVS Motor","iQube","ev_two_wheeler",413,"2024-11-01","Tamil Nadu"
"TVS Motor","iQube","ev_two_wheeler",412,"2024-11-01","Uttar Pradesh"
"TVS Motor","iQube","ev_two_wheeler",360,"2024-11-01","Gujarat"
"Bajaj Auto","Chetak","ev_two_wheeler",202,"2024-11-01","Maharashtra"
"Bajaj Auto","Chetak","ev_two_wheeler",156,"2024-11-01","Karnataka"
"Bajaj Auto","Chetak","ev_two_wheeler",141,"2024-11-01","Delhi"
"Bajaj Auto","Chetak","ev_two_wheeler",132,"2024-11-01","Tamil Nadu"
"Bajaj Auto","Chetak","ev_two_wheeler",126,"2024-11-01","Uttar Pradesh"
"Bajaj Auto","Chetak","ev_two_wheeler",126,"2024-11-01","Gujarat"
"Hero Electric","Photon","ev_two_wheeler",53,"2024-11-01","Maharashtra"
"Hero Electric","Photon","ev_two_wheeler",41,"2024-11-01","Karnataka"
"Hero Electric","Photon","ev_two_wheeler",37,"2024-11-01","Delhi"
"Hero Electric","Photon","ev_two_wheeler",29,"2024-11-01","Tamil Nadu"
"Hero Electric","Photon","ev_two_wheeler",33,"2024-11-01","Uttar Pradesh"
"Hero Electric","Photon","ev_two_wheeler",30,"2024-11-01","Gujarat"
"Tata Motors","Nexon EV","ev_four_wheeler",1555,"2024-11-01","Maharashtra"
"Tata Motors","Nexon EV","ev_four_wheeler",1331,"2024-11-01","Karnataka"
"Tata Motors","Nexon EV","ev_four_wheeler",1030,"2024-11-01","Delhi"
"Tata Motors","Nexon EV","ev_four_wheeler",752,"2024-11-01","Tamil Nadu"
"Tata Motors","Nexon EV","ev_four_wheeler",899,"2024-11-01","Uttar Pradesh"
"Tata Motors","Nexon EV","ev_four_wheeler",840,"2024-11-01","Gujarat"
"Mahindra & Mahindra","XUV400","ev_four_wheeler",61,"2024-11-01","Maharashtra"
"Mahindra & Mahindra","XUV400","ev_four_wheeler",58,"2024-11-01","Karnataka"
"Mahindra & Mahindra","XUV400","ev_four_wheeler",54,"2024-11-01","Delhi"
"Mahindra & Mahindra","XUV400","ev_four_wheeler",44,"2024-11-01","Tamil Nadu"
"Mahindra & Mahindra","XUV400","ev_four_wheeler",36,"2024-11-01","Uttar Pradesh"
"Mahindra & Mahindra","XUV400","ev_four_wheeler",37,"2024-11-01","Gujarat"
"Ather Energy","450X","ev_two_wheeler",675,"2024-12-01","Maharashtra"
"Ather Energy","450X","ev_two_wheeler",665,"2024-12-01","Karnataka"
"Ather Energy","450X","ev_two_wheeler",580,"2024-12-01","Delhi"
"Ather Energy","450X","ev_two_wheeler",457,"2024-12-01","Tamil Nadu"
"Ather Energy","450X","ev_two_wheeler",453,"2024-12-01","Uttar Pradesh"
"Ather Energy","450X","ev_two_wheeler",447,"2024-12-01","Gujarat"
"Ola Electric","S1 Pro","ev_two_wheeler",4238,"2024-12-01","Maharashtra"
"Ola Electric","S1 Pro","ev_two_wheeler",4004,"2024-12-01","Karnataka"
"Ola Electric","S1 Pro","ev_two_wheeler",3146,"2024-12-01","Delhi"
"Ola Electric","S1 Pro","ev_two_wheeler",2993,"2024-12-01","Tamil Nadu"
"Ola Electric","S1 Pro","ev_two_wheeler",2335,"2024-12-01","Uttar Pradesh"
"Ola Electric","S1 Pro","ev_two_wheeler",2708,"2024-12-01","Gujarat"
"TVS Motor","iQube","ev_two_wheeler",551,"2024-12-01","Maharashtra"
"TVS Motor","iQube","ev_two_wheeler",480,"2024-12-01","Karnataka"
"TVS Motor","iQube","ev_two_wheeler",458,"2024-12-01","Delhi"
"TVS Motor","iQube","ev_two_wheeler",307,"2024-12-01","Tamil Nadu"
"TVS Motor","iQube","ev_two_wheeler",342,"2024-12-01","Uttar Pradesh"
"TVS Motor","iQube","ev_two_wheeler",377,"2024-12-01","Gujarat"
"Bajaj Auto","Chetak","ev_two_wheeler",195,"2024-12-01","Maharashtra"
"Bajaj Auto","Chetak","ev_two_wheeler",145,"2024-12-01","Karnataka"
"Bajaj Auto","Chetak","ev_two_wheeler",107,"2024-12-01","Delhi"
"Bajaj Auto","Chetak","ev_two_wheeler",99,"2024-12-01","Tamil Nadu"
"Bajaj Auto","Chetak","ev_two_wheeler",93,"2024-12-01","Uttar Pradesh"
"Bajaj Auto","Chetak","ev_two_wheeler",109,"2024-12-01","Gujarat"
"Hero Electric","Photon","ev_two_wheeler",41,"2024-12-01","Maharashtra"
"Hero Electric","Photon","ev_two_wheeler",35,"2024-12-01","Karnataka"
"Hero Electric","Photon","ev_two_wheeler",28,"2024-12-01","Delhi"
"Hero Electric","Photon","ev_two_wheeler",25,"2024-12-01","Tamil Nadu"
"Hero Electric","Photon","ev_two_wheeler",25,"2024-12-01","Uttar Pradesh"
"Hero Electric","Photon","ev_two_wheeler",26,"2024-12-01","Gujarat"
"Tata Motors","Nexon EV","ev_four_wheeler",1106,"2024-12-01","Maharashtra"
"Tata Motors","Nexon EV","ev_four_wheeler",1092,"2024-12-01","Karnataka"
"Tata Motors","Nexon EV","ev_four_wheeler",885,"2024-12-01","Delhi"
"Tata Motors","Nexon EV","ev_four_wheeler",654,"2024-12-01","Tamil Nadu"
"Tata Motors","Nexon EV","ev_four_wheeler",632,"2024-12-01","Uttar Pradesh"
"Tata Motors","Nexon EV","ev_four_wheeler",652,"2024-12-01","Gujarat"
"Mahindra & Mahindra","XUV400","ev_four_wheeler",45,"2024-12-01","Maharashtra"
"Mahindra & Mahindra","XUV400","ev_four_wheeler",42,"2024-12-01","Karnataka"
"Mahindra & Mahindra","XUV400","ev_four_wheeler",31,"2024-12-01","Delhi"
"Mahindra & Mahindra","XUV400","ev_four_wheeler",30,"2024-12-01","Tamil Nadu"
"Mahindra & Mahindra","XUV400","ev_four_wheeler",34,"2024-12-01","Uttar Pradesh"
"Mahindra & Mahindra","XUV400","ev_four_wheeler",30,"2024-12-01","Gujarat"
"Ather Energy","450X","ev_two_wheeler",744,"2025-01-01","Maharashtra"
"Ather Energy","450X","ev_two_wheeler",639,"2025-01-01","Karnataka"
"Ather Energy","450X","ev_two_wheeler",497,"2025-01-01","Delhi"
"Ather Energy","450X","ev_two_wheeler",468,"2025-01-01","Tamil Nadu"
"Ather Energy","450X","ev_two_wheeler",449,"2025-01-01","Uttar Pradesh"
"Ather Energy","450X","ev_two_wheeler",443,"2025-01-01","Gujarat"
"Ola Electric","S1 Pro","ev_two_wheeler",4634,"2025-01-01","Maharashtra"
"Ola Electric","S1 Pro","ev_two_wheeler",4778,"2025-01-01","Karnataka"
"Ola Electric","S1 Pro","ev_two_wheeler",3239,"2025-01-01","Delhi"
"Ola Electric","S1 Pro","ev_two_wheeler",3459,"2025-01-01","Tamil Nadu"
"Ola Electric","S1 Pro","ev_two_wheeler",3244,"2025-01-01","Uttar Pradesh"
"Ola Electric","S1 Pro","ev_two_wheeler",3262,"2025-01-01","Gujarat"
"TVS Motor","iQube","ev_two_wheeler",619,"2025-01-01","Maharashtra"
"TVS Motor","iQube","ev_two_wheeler",480,"2025-01-01","Karnataka"
"TVS Motor","iQube","ev_two_wheeler",409,"2025-01-01","Delhi"
"TVS Motor","iQube","ev_two_wheeler",351,"2025-01-01","Tamil Nadu"
"TVS Motor","iQube","ev_two_wheeler",348,"2025-01-01","Uttar Pradesh"
"TVS Motor","iQube","ev_two_wheeler",407,"2025-01-01","Gujarat"
"Bajaj Auto","Chetak","ev_two_wheeler",185,"2025-01-01","Maharashtra"
"Bajaj Auto","Chetak","ev_two_wheeler",154,"2025-01-01","Karnataka"
"Bajaj Auto","Chetak","ev_two_wheeler",147,"2025-01-01","Delhi"
"Bajaj Auto","Chetak","ev_two_wheeler",91,"2025-01-01","Tamil Nadu"
"Bajaj Auto","Chetak","ev_two_wheeler",115,"2025-01-01","Uttar Pradesh"
"Bajaj Auto","Chetak","ev_two_wheeler",96,"2025-01-01","Gujarat"
"Hero Electric","Photon","ev_two_wheeler",38,"2025-01-01","Maharashtra"
"Hero Electric","Photon","ev_two_wheeler",30,"2025-01-01","Karnataka"
"Hero Electric","Photon","ev_two_wheeler",29,"2025-01-01","Delhi"
"Hero Electric","Photon","ev_two_wheeler",20,"2025-01-01","Tamil Nadu"
"Hero Electric","Photon","ev_two_wheeler",22,"2025-01-01","Uttar Pradesh"
"Hero Electric","Photon","ev_two_wheeler",22,"2025-01-01","Gujarat"
"Tata Motors","Nexon EV","ev_four_wheeler",1452,"2025-01-01","Maharashtra"
"Tata Motors","Nexon EV","ev_four_wheeler",1180,"2025-01-01","Karnataka"
"Tata Motors","Nexon EV","ev_four_wheeler",994,"2025-01-01","Delhi"
"Tata Motors","Nexon EV","ev_four_wheeler",913,"2025-01-01","Tamil Nadu"
"Tata Motors","Nexon EV","ev_four_wheeler",875,"2025-01-01","Uttar Pradesh"
"Tata Motors","Nexon EV","ev_four_wheeler",869,"2025-01-01","Gujarat"
"Mahindra & Mahindra","XUV400","ev_four_wheeler",49,"2025-01-01","Maharashtra"
"Mahindra & Mahindra","XUV400","ev_four_wheeler",41,"2025-01-01","Karnataka"
"Mahindra & Mahindra","XUV400","ev_four_wheeler",36,"2025-01-01","Delhi"
"Mahindra & Mahindra","XUV400","ev_four_wheeler",34,"2025-01-01","Tamil Nadu"
"Mahindra & Mahindra","XUV400","ev_four_wheeler",31,"2025-01-01","Uttar Pradesh"
"Mahindra & Mahindra","XUV400","ev_four_wheeler",31,"2025-01-01","Gujarat"
"Ather Energy","450X","ev_two_wheeler",889,"2025-02-01","Maharashtra"
"Ather Energy","450X","ev_two_wheeler",776,"2025-02-01","Karnataka"
"Ather Energy","450X","ev_two_wheeler",574,"2025-02-01","Delhi"
"Ather Energy","450X","ev_two_wheeler",592,"2025-02-01","Tamil Nadu"
"Ather Energy","450X","ev_two_wheeler",466,"2025-02-01","Uttar Pradesh"
"Ather Energy","450X","ev_two_wheeler",561,"2025-02-01","Gujarat"
"Ola Electric","S1 Pro","ev_two_wheeler",4769,"2025-02-01","Maharashtra"
"Ola Electric","S1 Pro","ev_two_wheeler",4672,"2025-02-01","Karnataka"
"Ola Electric","S1 Pro","ev_two_wheeler",4221,"2025-02-01","Delhi"
"Ola Electric","S1 Pro","ev_two_wheeler",3637,"2025-02-01","Tamil Nadu"
"Ola Electric","S1 Pro","ev_two_wheeler",3494,"2025-02-01","Uttar Pradesh"
"Ola Electric","S1 Pro","ev_two_wheeler",3477,"2025-02-01","Gujarat"
"TVS Motor","iQube","ev_two_wheeler",609,"2025-02-01","Maharashtra"
"TVS Motor","iQube","ev_two_wheeler",470,"2025-02-01","Karnataka"
"TVS Motor","iQube","ev_two_wheeler",411,"2025-02-01","Delhi"
"TVS Motor","iQube","ev_two_wheeler",386,"2025-02-01","Tamil Nadu"
"TVS Motor","iQube","ev_two_wheeler",330,"2025-02-01","Uttar Pradesh"
"TVS Motor","iQube","ev_two_wheeler",336,"2025-02-01","Gujarat"
"Bajaj Auto","Chetak","ev_two_wheeler",170,"2025-02-01","Maharashtra"
"Bajaj Auto","Chetak","ev_two_wheeler",164,"2025-02-01","Karnataka"
"Bajaj Auto","Chetak","ev_two_wheeler",102,"2025-02-01","Delhi"
"Bajaj Auto","Chetak","ev_two_wheeler",97,"2025-02-01","Tamil Nadu"
"Bajaj Auto","Chetak","ev_two_wheeler",97,"2025-02-01","Uttar Pradesh"
"Bajaj Auto","Chetak","ev_two_wheeler",94,"2025-02-01","Gujarat"
"Hero Electric","Photon","ev_two_wheeler",36,"2025-02-01","Maharashtra"
"Hero Electric","Photon","ev_two_wheeler",39,"2025-02-01","Karnataka"
"Hero Electric","Photon","ev_two_wheeler",30,"2025-02-01","Delhi"
"Hero Electric","Photon","ev_two_wheeler",20,"2025-02-01","Tamil Nadu"
"Hero Electric","Photon","ev_two_wheeler",21,"2025-02-01","Uttar Pradesh"
"Hero Electric","Photon","ev_two_wheeler",24,"2025-02-01","Gujarat"
"Tata Motors","Nexon EV","ev_four_wheeler",1266,"2025-02-01","Maharashtra"
"Tata Motors","Nexon EV","ev_four_wheeler",1238,"2025-02-01","Karnataka"
"Tata Motors","Nexon EV","ev_four_wheeler",829,"2025-02-01","Delhi"
"Tata Motors","Nexon EV","ev_four_wheeler",715,"2025-02-01","Tamil Nadu"
"Tata Motors","Nexon EV","ev_four_wheeler",800,"2025-02-01","Uttar Pradesh"
"Tata Motors","Nexon EV","ev_four_wheeler",724,"2025-02-01","Gujarat"
"Mahindra & Mahindra","XUV400","ev_four_wheeler",48,"2025-02-01","Maharashtra"
"Mahindra & Mahindra","XUV400","ev_four_wheeler",39,"2025-02-01","Karnataka"
"Mahindra & Mahindra","XUV400","ev_four_wheeler",35,"2025-02-01","Delhi"
"Mahindra & Mahindra","XUV400","ev_four_wheeler",32,"2025-02-01","Tamil Nadu"
"Mahindra & Mahindra","XUV400","ev_four_wheeler",29,"2025-02-01","Uttar Pradesh"
"Mahindra & Mahindra","XUV400","ev_four_wheeler",30,"2025-02-01","Gujarat"
"Ather Energy","450X","ev_two_wheeler",726,"2025-03-01","Maharashtra"
"Ather Energy","450X","ev_two_wheeler",669,"2025-03-01","Karnataka"
"Ather Energy","450X","ev_two_wheeler",465,"2025-03-01","Delhi"
"Ather Energy","450X","ev_two_wheeler",406,"2025-03-01","Tamil Nadu"
"Ather Energy","450X","ev_two_wheeler",354,"2025-03-01","Uttar Pradesh"
"Ather Energy","450X","ev_two_wheeler",372,"2025-03-01","Gujarat"
"Ola Electric","S1 Pro","ev_two_wheeler",4174,"2025-03-01","Maharashtra"
"Ola Electric","S1 Pro","ev_two_wheeler",4553,"2025-03-01","Karnataka"
"Ola Electric","S1 Pro","ev_two_wheeler",3950,"2025-03-01","Delhi"
"Ola Electric","S1 Pro","ev_two_wheeler",2706,"2025-03-01","Tamil Nadu"
"Ola Electric","S1 Pro","ev_two_wheeler",3056,"2025-03-01","Uttar Pradesh"
"Ola Electric","S1 Pro","ev_two_wheeler",2886,"2025-03-01","Gujarat"
"TVS Motor","iQube","ev_two_wheeler",667,"2025-03-01","Maharashtra"
"TVS Motor","iQube","ev_two_wheeler",523,"2025-03-01","Karnataka"
"TVS Motor","iQube","ev_two_wheeler",461,"2025-03-01","Delhi"
"TVS Motor","iQube","ev_two_wheeler",335,"2025-03-01","Tamil Nadu"
"TVS Motor","iQube","ev_two_wheeler",367,"2025-03-01","Uttar Pradesh"
"TVS Motor","iQube","ev_two_wheeler",356,"2025-03-01","Gujarat"
"Bajaj Auto","Chetak","ev_two_wheeler",150,"2025-03-01","Maharashtra"
"Bajaj Auto","Chetak","ev_two_wheeler",161,"2025-03-01","Karnataka"
"Bajaj Auto","Chetak","ev_two_wheeler",111,"2025-03-01","Delhi"
"Bajaj Auto","Chetak","ev_two_wheeler",96,"2025-03-01","Tamil Nadu"
"Bajaj Auto","Chetak","ev_two_wheeler",90,"2025-03-01","Uttar Pradesh"
"Bajaj Auto","Chetak","ev_two_wheeler",84,"2025-03-01","Gujarat"
"Hero Electric","Photon","ev_two_wheeler",31,"2025-03-01","Maharashtra"
"Hero Electric","Photon","ev_two_wheeler",26,"2025-03-01","Karnataka"
"Hero Electric","Photon","ev_two_wheeler",21,"2025-03-01","Delhi"
"Hero Electric","Photon","ev_two_wheeler",16,"2025-03-01","Tamil Nadu"
"Hero Electric","Photon","ev_two_wheeler",16,"2025-03-01","Uttar Pradesh"
"Hero Electric","Photon","ev_two_wheeler",17,"2025-03-01","Gujarat"
"Tata Motors","Nexon EV","ev_four_wheeler",1175,"2025-03-01","Maharashtra"
"Tata Motors","Nexon EV","ev_four_wheeler",1017,"2025-03-01","Karnataka"
"Tata Motors","Nexon EV","ev_four_wheeler",1006,"2025-03-01","Delhi"
"Tata Motors","Nexon EV","ev_four_wheeler",768,"2025-03-01","Tamil Nadu"
"Tata Motors","Nexon EV","ev_four_wheeler",836,"2025-03-01","Uttar Pradesh"
"Tata Motors","Nexon EV","ev_four_wheeler",682,"2025-03-01","Gujarat"
"Mahindra & Mahindra","XUV400","ev_four_wheeler",47,"2025-03-01","Maharashtra"
"Mahindra & Mahindra","XUV400","ev_four_wheeler",36,"2025-03-01","Karnataka"
"Mahindra & Mahindra","XUV400","ev_four_wheeler",33,"2025-03-01","Delhi"
"Mahindra & Mahindra","XUV400","ev_four_wheeler",28,"2025-03-01","Tamil Nadu"
"Mahindra & Mahindra","XUV400","ev_four_wheeler",32,"2025-03-01","Uttar Pradesh"
"Mahindra & Mahindra","XUV400","ev_four_wheeler",31,"2025-03-01","Gujarat"
"Ather Energy","450X","ev_two_wheeler",952,"2025-04-01","Maharashtra"
"Ather Energy","450X","ev_two_wheeler",792,"2025-04-01","Karnataka"
"Ather Energy","450X","ev_two_wheeler",618,"2025-04-01","Delhi"
"Ather Energy","450X","ev_two_wheeler",647,"2025-04-01","Tamil Nadu"
"Ather Energy","450X","ev_two_wheeler",500,"2025-04-01","Uttar Pradesh"
"Ather Energy","450X","ev_two_wheeler",577,"2025-04-01","Gujarat"
"Ola Electric","S1 Pro","ev_two_wheeler",6930,"2025-04-01","Maharashtra"
"Ola Electric","S1 Pro","ev_two_wheeler",6199,"2025-04-01","Karnataka"
"Ola Electric","S1 Pro","ev_two_wheeler",4893,"2025-04-01","Delhi"
"Ola Electric","S1 Pro","ev_two_wheeler",4235,"2025-04-01","Tamil Nadu"
"Ola Electric","S1 Pro","ev_two_wheeler",4373,"2025-04-01","Uttar Pradesh"
"Ola Electric","S1 Pro","ev_two_wheeler",3947,"2025-04-01","Gujarat"
"TVS Motor","iQube","ev_two_wheeler",644,"2025-04-01","Maharashtra"
"TVS Motor","iQube","ev_two_wheeler",645,"2025-04-01","Karnataka"
"TVS Motor","iQube","ev_two_wheeler",535,"2025-04-01","Delhi"
"TVS Motor","iQube","ev_two_wheeler",471,"2025-04-01","Tamil Nadu"
"TVS Motor","iQube","ev_two_wheeler",410,"2025-04-01","Uttar Pradesh"
"TVS Motor","iQube","ev_two_wheeler",463,"2025-04-01","Gujarat"
"Bajaj Auto","Chetak","ev_two_wheeler",162,"2025-04-01","Maharashtra"
"Bajaj Auto","Chetak","ev_two_wheeler",141,"2025-04-01","Karnataka"
"Bajaj Auto","Chetak","ev_two_wheeler",137,"2025-04-01","Delhi"
"Bajaj Auto","Chetak","ev_two_wheeler",89,"2025-04-01","Tamil Nadu"
"Bajaj Auto","Chetak","ev_two_wheeler",103,"2025-04-01","Uttar Pradesh"
"Bajaj Auto","Chetak","ev_two_wheeler",117,"2025-04-01","Gujarat"
"Hero Electric","Photon","ev_two_wheeler",37,"2025-04-01","Maharashtra"
"Hero Electric","Photon","ev_two_wheeler",27,"2025-04-01","Karnataka"
"Hero Electric","Photon","ev_two_wheeler",25,"2025-04-01","Delhi"
"Hero Electric","Photon","ev_two_wheeler",19,"2025-04-01","Tamil Nadu"
"Hero Electric","Photon","ev_two_wheeler",18,"2025-04-01","Uttar Pradesh"
"Hero Electric","Photon","ev_two_wheeler",19,"2025-04-01","Gujarat"
"Tata Motors","Nexon EV","ev_four_wheeler",1444,"2025-04-01","Maharashtra"
"Tata Motors","Nexon EV","ev_four_wheeler",1301,"2025-04-01","Karnataka"
"Tata Motors","Nexon EV","ev_four_wheeler",1126,"2025-04-01","Delhi"
"Tata Motors","Nexon EV","ev_four_wheeler",1059,"2025-04-01","Tamil Nadu"
"Tata Motors","Nexon EV","ev_four_wheeler",822,"2025-04-01","Uttar Pradesh"
"Tata Motors","Nexon EV","ev_four_wheeler",944,"2025-04-01","Gujarat"
"Mahindra & Mahindra","XUV400","ev_four_wheeler",60,"2025-04-01","Maharashtra"
"Mahindra & Mahindra","XUV400","ev_four_wheeler",49,"2025-04-01","Karnataka"
"Mahindra & Mahindra","XUV400","ev_four_wheeler",34,"2025-04-01","Delhi"
"Mahindra & Mahindra","XUV400","ev_four_wheeler",32,"2025-04-01","Tamil Nadu"
"Mahindra & Mahindra","XUV400","ev_four_wheeler",32,"2025-04-01","Uttar Pradesh"
"Mahindra & Mahindra","XUV400","ev_four_wheeler",31,"2025-04-01","Gujarat"
"Ather Energy","450X","ev_two_wheeler",847,"2025-05-01","Maharashtra"
"Ather Energy","450X","ev_two_wheeler",725,"2025-05-01","Karnataka"
"Ather Energy","450X","ev_two_wheeler",732,"2025-05-01","Delhi"
"Ather Energy","450X","ev_two_wheeler",654,"2025-05-01","Tamil Nadu"
"Ather Energy","450X","ev_two_wheeler",492,"2025-05-01","Uttar Pradesh"
"Ather Energy","450X","ev_two_wheeler",521,"2025-05-01","Gujarat"
"Ola Electric","S1 Pro","ev_two_wheeler",7513,"2025-05-01","Maharashtra"
"Ola Electric","S1 Pro","ev_two_wheeler",5387,"2025-05-01","Karnataka"
"Ola Electric","S1 Pro","ev_two_wheeler",5063,"2025-05-01","Delhi"
"Ola Electric","S1 Pro","ev_two_wheeler",3652,"2025-05-01","Tamil Nadu"
"Ola Electric","S1 Pro","ev_two_wheeler",3828,"2025-05-01","Uttar Pradesh"
"Ola Electric","S1 Pro","ev_two_wheeler",4017,"2025-05-01","Gujarat"
"TVS Motor","iQube","ev_two_wheeler",933,"2025-05-01","Maharashtra"
"TVS Motor","iQube","ev_two_wheeler",618,"2025-05-01","Karnataka"
"TVS Motor","iQube","ev_two_wheeler",520,"2025-05-01","Delhi"
"TVS Motor","iQube","ev_two_wheeler",549,"2025-05-01","Tamil Nadu"
"TVS Motor","iQube","ev_two_wheeler",429,"2025-05-01","Uttar Pradesh"
"TVS Motor","iQube","ev_two_wheeler",552,"2025-05-01","Gujarat"
"Bajaj Auto","Chetak","ev_two_wheeler",214,"2025-05-01","Maharashtra"
"Bajaj Auto","Chetak","ev_two_wheeler",154,"2025-05-01","Karnataka"
"Bajaj Auto","Chetak","ev_two_wheeler",153,"2025-05-01","Delhi"
"Bajaj Auto","Chetak","ev_two_wheeler",122,"2025-05-01","Tamil Nadu"
"Bajaj Auto","Chetak","ev_two_wheeler",123,"2025-05-01","Uttar Pradesh"
"Bajaj Auto","Chetak","ev_two_wheeler",119,"2025-05-01","Gujarat"
"Hero Electric","Photon","ev_two_wheeler",37,"2025-05-01","Maharashtra"
"Hero Electric","Photon","ev_two_wheeler",31,"2025-05-01","Karnataka"
"Hero Electric","Photon","ev_two_wheeler",24,"2025-05-01","Delhi"
"Hero Electric","Photon","ev_two_wheeler",21,"2025-05-01","Tamil Nadu"
"Hero Electric","Photon","ev_two_wheeler",20,"2025-05-01","Uttar Pradesh"
"Hero Electric","Photon","ev_two_wheeler",23,"2025-05-01","Gujarat"
"Tata Motors","Nexon EV","ev_four_wheeler",1376,"2025-05-01","Maharashtra"
"Tata Motors","Nexon EV","ev_four_wheeler",1222,"2025-05-01","Karnataka"
"Tata Motors","Nexon EV","ev_four_wheeler",1220,"2025-05-01","Delhi"
"Tata Motors","Nexon EV","ev_four_wheeler",966,"2025-05-01","Tamil Nadu"
"Tata Motors","Nexon EV","ev_four_wheeler",812,"2025-05-01","Uttar Pradesh"
"Tata Motors","Nexon EV","ev_four_wheeler",1030,"2025-05-01","Gujarat"
"Mahindra & Mahindra","XUV400","ev_four_wheeler",62,"2025-05-01","Maharashtra"
"Mahindra & Mahindra","XUV400","ev_four_wheeler",51,"2025-05-01","Karnataka"
"Mahindra & Mahindra","XUV400","ev_four_wheeler",42,"2025-05-01","Delhi"
"Mahindra & Mahindra","XUV400","ev_four_wheeler",29,"2025-05-01","Tamil Nadu"
"Mahindra & Mahindra","XUV400","ev_four_wheeler",37,"2025-05-01","Uttar Pradesh"
"Mahindra & Mahindra","XUV400","ev_four_wheeler",37,"2025-05-01","Gujarat"
"Ather Energy","450X","ev_two_wheeler",988,"2025-06-01","Maharashtra"
"Ather Energy","450X","ev_two_wheeler",911,"2025-06-01","Karnataka"
"Ather Energy","450X","ev_two_wheeler",809,"2025-06-01","Delhi"
"Ather Energy","450X","ev_two_wheeler",698,"2025-06-01","Tamil Nadu"
"Ather Energy","450X","ev_two_wheeler",596,"2025-06-01","Uttar Pradesh"
"Ather Energy","450X","ev_two_wheeler",708,"2025-06-01","Gujarat"
"Ola Electric","S1 Pro","ev_two_wheeler",8306,"2025-06-01","Maharashtra"
"Ola Electric","S1 Pro","ev_two_wheeler",6591,"2025-06-01","Karnataka"
"Ola Electric","S1 Pro","ev_two_wheeler",6402,"2025-06-01","Delhi"
"Ola Electric","S1 Pro","ev_two_wheeler",4957,"2025-06-01","Tamil Nadu"
"Ola Electric","S1 Pro","ev_two_wheeler",4187,"2025-06-01","Uttar Pradesh"
"Ola Electric","S1 Pro","ev_two_wheeler",4978,"2025-06-01","Gujarat"
"TVS Motor","iQube","ev_two_wheeler",851,"2025-06-01","Maharashtra"
"TVS Motor","iQube","ev_two_wheeler",618,"2025-06-01","Karnataka"
"TVS Motor","iQube","ev_two_wheeler",575,"2025-06-01","Delhi"
"TVS Motor","iQube","ev_two_wheeler",421,"2025-06-01","Tamil Nadu"
"TVS Motor","iQube","ev_two_wheeler",547,"2025-06-01","Uttar Pradesh"
"TVS Motor","iQube","ev_two_wheeler",426,"2025-06-01","Gujarat"
"Bajaj Auto","Chetak","ev_two_wheeler",184,"2025-06-01","Maharashtra"
"Bajaj Auto","Chetak","ev_two_wheeler",173,"2025-06-01","Karnataka"
"Bajaj Auto","Chetak","ev_two_wheeler",122,"2025-06-01","Delhi"
"Bajaj Auto","Chetak","ev_two_wheeler",114,"2025-06-01","Tamil Nadu"
"Bajaj Auto","Chetak","ev_two_wheeler",113,"2025-06-01","Uttar Pradesh"
"Bajaj Auto","Chetak","ev_two_wheeler",102,"2025-06-01","Gujarat"
"Hero Electric","Photon","ev_two_wheeler",33,"2025-06-01","Maharashtra"
"Hero Electric","Photon","ev_two_wheeler",30,"2025-06-01","Karnataka"
"Hero Electric","Photon","ev_two_wheeler",26,"2025-06-01","Delhi"
"Hero Electric","Photon","ev_two_wheeler",20,"2025-06-01","Tamil Nadu"
"Hero Electric","Photon","ev_two_wheeler",21,"2025-06-01","Uttar Pradesh"
"Hero Electric","Photon","ev_two_wheeler",20,"2025-06-01","Gujarat"
"Tata Motors","Nexon EV","ev_four_wheeler",1875,"2025-06-01","Maharashtra"
"Tata Motors","Nexon EV","ev_four_wheeler",1805,"2025-06-01","Karnataka"
"Tata Motors","Nexon EV","ev_four_wheeler",1410,"2025-06-01","Delhi"
"Tata Motors","Nexon EV","ev_four_wheeler",1100,"2025-06-01","Tamil Nadu"
"Tata Motors","Nexon EV","ev_four_wheeler",950,"2025-06-01","Uttar Pradesh"
"Tata Motors","Nexon EV","ev_four_wheeler",1229,"2025-06-01","Gujarat"
"Mahindra & Mahindra","XUV400","ev_four_wheeler",50,"2025-06-01","Maharashtra"
"Mahindra & Mahindra","XUV400","ev_four_wheeler",44,"2025-06-01","Karnataka"
"Mahindra & Mahindra","XUV400","ev_four_wheeler",44,"2025-06-01","Delhi"
"Mahindra & Mahindra","XUV400","ev_four_wheeler",32,"2025-06-01","Tamil Nadu"
"Mahindra & Mahindra","XUV400","ev_four_wheeler",28,"2025-06-01","Uttar Pradesh"
"Mahindra & Mahindra","XUV400","ev_four_wheeler",28,"2025-06-01","Gujarat"
"Ather Energy","450X","ev_two_wheeler",994,"2025-07-01","Maharashtra"
"Ather Energy","450X","ev_two_wheeler",840,"2025-07-01","Karnataka"
"Ather Energy","450X","ev_two_wheeler",642,"2025-07-01","Delhi"
"Ather Energy","450X","ev_two_wheeler",641,"2025-07-01","Tamil Nadu"
"Ather Energy","450X","ev_two_wheeler",543,"2025-07-01","Uttar Pradesh"
"Ather Energy","450X","ev_two_wheeler",574,"2025-07-01","Gujarat"
"Ola Electric","S1 Pro","ev_two_wheeler",7307,"2025-07-01","Maharashtra"
"Ola Electric","S1 Pro","ev_two_wheeler",6955,"2025-07-01","Karnataka"
"Ola Electric","S1 Pro","ev_two_wheeler",4983,"2025-07-01","Delhi"
"Ola Electric","S1 Pro","ev_two_wheeler",5546,"2025-07-01","Tamil Nadu"
"Ola Electric","S1 Pro","ev_two_wheeler",4150,"2025-07-01","Uttar Pradesh"
"Ola Electric","S1 Pro","ev_two_wheeler",4469,"2025-07-01","Gujarat"
"TVS Motor","iQube","ev_two_wheeler",902,"2025-07-01","Maharashtra"
"TVS Motor","iQube","ev_two_wheeler",685,"2025-07-01","Karnataka"
"TVS Motor","iQube","ev_two_wheeler",632,"2025-07-01","Delhi"
"TVS Motor","iQube","ev_two_wheeler",501,"2025-07-01","Tamil Nadu"
"TVS Motor","iQube","ev_two_wheeler",521,"2025-07-01","Uttar Pradesh"
"TVS Motor","iQube","ev_two_wheeler",552,"2025-07-01","Gujarat"
"Bajaj Auto","Chetak","ev_two_wheeler",204,"2025-07-01","Maharashtra"
"Bajaj Auto","Chetak","ev_two_wheeler",206,"2025-07-01","Karnataka"
"Bajaj Auto","Chetak","ev_two_wheeler",152,"2025-07-01","Delhi"
"Bajaj Auto","Chetak","ev_two_wheeler",123,"2025-07-01","Tamil Nadu"
"Bajaj Auto","Chetak","ev_two_wheeler",115,"2025-07-01","Uttar Pradesh"
"Bajaj Auto","Chetak","ev_two_wheeler",117,"2025-07-01","Gujarat"
"Hero Electric","Photon","ev_two_wheeler",41,"2025-07-01","Maharashtra"
"Hero Electric","Photon","ev_two_wheeler",33,"2025-07-01","Karnataka"
"Hero Electric","Photon","ev_two_wheeler",24,"2025-07-01","Delhi"
"Hero Electric","Photon","ev_two_wheeler",21,"2025-07-01","Tamil Nadu"
"Hero Electric","Photon","ev_two_wheeler",21,"2025-07-01","Uttar Pradesh"
"Hero Electric","Photon","ev_two_wheeler",20,"2025-07-01","Gujarat"
"Tata Motors","Nexon EV","ev_four_wheeler",1563,"2025-07-01","Maharashtra"
"Tata Motors","Nexon EV","ev_four_wheeler",1544,"2025-07-01","Karnataka"
"Tata Motors","Nexon EV","ev_four_wheeler",1353,"2025-07-01","Delhi"
"Tata Motors","Nexon EV","ev_four_wheeler",1141,"2025-07-01","Tamil Nadu"
"Tata Motors","Nexon EV","ev_four_wheeler",1169,"2025-07-01","Uttar Pradesh"
"Tata Motors","Nexon EV","ev_four_wheeler",1104,"2025-07-01","Gujarat"
"Mahindra & Mahindra","XUV400","ev_four_wheeler",59,"2025-07-01","Maharashtra"
"Mahindra & Mahindra","XUV400","ev_four_wheeler",51,"2025-07-01","Karnataka"
"Mahindra & Mahindra","XUV400","ev_four_wheeler",38,"2025-07-01","Delhi"
"Mahindra & Mahindra","XUV400","ev_four_wheeler",36,"2025-07-01","Tamil Nadu"
"Mahindra & Mahindra","XUV400","ev_four_wheeler",33,"2025-07-01","Uttar Pradesh"
"Mahindra & Mahindra","XUV400","ev_four_wheeler",39,"2025-07-01","Gujarat"
"Ather Energy","450X","ev_two_wheeler",963,"2025-08-01","Maharashtra"
"Ather Energy","450X","ev_two_wheeler",892,"2025-08-01","Karnataka"
"Ather Energy","450X","ev_two_wheeler",802,"2025-08-01","Delhi"
"Ather Energy","450X","ev_two_wheeler",705,"2025-08-01","Tamil Nadu"
"Ather Energy","450X","ev_two_wheeler",764,"2025-08-01","Uttar Pradesh"
"Ather Energy","450X","ev_two_wheeler",618,"2025-08-01","Gujarat"
"Ola Electric","S1 Pro","ev_two_wheeler",10095,"2025-08-01","Maharashtra"
"Ola Electric","S1 Pro","ev_two_wheeler",7488,"2025-08-01","Karnataka"
"Ola Electric","S1 Pro","ev_two_wheeler",7343,"2025-08-01","Delhi"
"Ola Electric","S1 Pro","ev_two_wheeler",5609,"2025-08-01","Tamil Nadu"
"Ola Electric","S1 Pro","ev_two_wheeler",5399,"2025-08-01","Uttar Pradesh"
"Ola Electric","S1 Pro","ev_two_wheeler",5727,"2025-08-01","Gujarat"
"TVS Motor","iQube","ev_two_wheeler",896,"2025-08-01","Maharashtra"
"TVS Motor","iQube","ev_two_wheeler",771,"2025-08-01","Karnataka"
"TVS Motor","iQube","ev_two_wheeler",659,"2025-08-01","Delhi"
"TVS Motor","iQube","ev_two_wheeler",663,"2025-08-01","Tamil Nadu"
"TVS Motor","iQube","ev_two_wheeler",512,"2025-08-01","Uttar Pradesh"
"TVS Motor","iQube","ev_two_wheeler",575,"2025-08-01","Gujarat"
"Bajaj Auto","Chetak","ev_two_wheeler",189,"2025-08-01","Maharashtra"
"Bajaj Auto","Chetak","ev_two_wheeler",183,"2025-08-01","Karnataka"
"Bajaj Auto","Chetak","ev_two_wheeler",160,"2025-08-01","Delhi"
"Bajaj Auto","Chetak","ev_two_wheeler",102,"2025-08-01","Tamil Nadu"
"Bajaj Auto","Chetak","ev_two_wheeler",125,"2025-08-01","Uttar Pradesh"
"Bajaj Auto","Chetak","ev_two_wheeler",103,"2025-08-01","Gujarat"
"Hero Electric","Photon","ev_two_wheeler",32,"2025-08-01","Maharashtra"
"Hero Electric","Photon","ev_two_wheeler",29,"2025-08-01","Karnataka"
"Hero Electric","Photon","ev_two_wheeler",23,"2025-08-01","Delhi"
"Hero Electric","Photon","ev_two_wheeler",19,"2025-08-01","Tamil Nadu"
"Hero Electric","Photon","ev_two_wheeler",20,"2025-08-01","Uttar Pradesh"
"Hero Electric","Photon","ev_two_wheeler",20,"2025-08-01","Gujarat"
"Tata Motors","Nexon EV","ev_four_wheeler",1997,"2025-08-01","Maharashtra"
"Tata Motors","Nexon EV","ev_four_wheeler",1794,"2025-08-01","Karnataka"
"Tata Motors","Nexon EV","ev_four_wheeler",1406,"2025-08-01","Delhi"
"Tata Motors","Nexon EV","ev_four_wheeler",1274,"2025-08-01","Tamil Nadu"
"Tata Motors","Nexon EV","ev_four_wheeler",1221,"2025-08-01","Uttar Pradesh"
"Tata Motors","Nexon EV","ev_four_wheeler",1037,"2025-08-01","Gujarat"
"Mahindra & Mahindra","XUV400","ev_four_wheeler",55,"2025-08-01","Maharashtra"
"Mahindra & Mahindra","XUV400","ev_four_wheeler",58,"2025-08-01","Karnataka"
"Mahindra & Mahindra","XUV400","ev_four_wheeler",38,"2025-08-01","Delhi"
"Mahindra & Mahindra","XUV400","ev_four_wheeler",39,"2025-08-01","Tamil Nadu"
"Mahindra & Mahindra","XUV400","ev_four_wheeler",35,"2025-08-01","Uttar Pradesh"
"Mahindra & Mahindra","XUV400","ev_four_wheeler",33,"2025-08-01","Gujarat"
"Ather Energy","450X","ev_two_wheeler",1322,"2025-09-01","Maharashtra"
"Ather Energy","450X","ev_two_wheeler",961,"2025-09-01","Karnataka"
"Ather Energy","450X","ev_two_wheeler",926,"2025-09-01","Delhi"
"Ather Energy","450X","ev_two_wheeler",678,"2025-09-01","Tamil Nadu"
"Ather Energy","450X","ev_two_wheeler",677,"2025-09-01","Uttar Pradesh"
"Ather Energy","450X","ev_two_wheeler",662,"2025-09-01","Gujarat"
"Ola Electric","S1 Pro","ev_two_wheeler",10622,"2025-09-01","Maharashtra"
"Ola Electric","S1 Pro","ev_two_wheeler",9451,"2025-09-01","Karnataka"
"Ola Electric","S1 Pro","ev_two_wheeler",7769,"2025-09-01","Delhi"
"Ola Electric","S1 Pro","ev_two_wheeler",5744,"2025-09-01","Tamil Nadu"
"Ola Electric","S1 Pro","ev_two_wheeler",6567,"2025-09-01","Uttar Pradesh"
"Ola Electric","S1 Pro","ev_two_wheeler",6224,"2025-09-01","Gujarat"
"TVS Motor","iQube","ev_two_wheeler",1071,"2025-09-01","Maharashtra"
"TVS Motor","iQube","ev_two_wheeler",807,"2025-09-01","Karnataka"
"TVS Motor","iQube","ev_two_wheeler",797,"2025-09-01","Delhi"
"TVS Motor","iQube","ev_two_wheeler",706,"2025-09-01","Tamil Nadu"
"TVS Motor","iQube","ev_two_wheeler",556,"2025-09-01","Uttar Pradesh"
"TVS Motor","iQube","ev_two_wheeler",581,"2025-09-01","Gujarat"
"Bajaj Auto","Chetak","ev_two_wheeler",179,"2025-09-01","Maharashtra"
"Bajaj Auto","Chetak","ev_two_wheeler",170,"2025-09-01","Karnataka"
"Bajaj Auto","Chetak","ev_two_wheeler",147,"2025-09-01","Delhi"
"Bajaj Auto","Chetak","ev_two_wheeler",124,"2025-09-01","Tamil Nadu"
"Bajaj Auto","Chetak","ev_two_wheeler",134,"2025-09-01","Uttar Pradesh"
"Bajaj Auto","Chetak","ev_two_wheeler",113,"2025-09-01","Gujarat"
"Hero Electric","Photon","ev_two_wheeler",33,"2025-09-01","Maharashtra"
"Hero Electric","Photon","ev_two_wheeler",31,"2025-09-01","Karnataka"
"Hero Electric","Photon","ev_two_wheeler",25,"2025-09-01","Delhi"
"Hero Electric","Photon","ev_two_wheeler",17,"2025-09-01","Tamil Nadu"
"Hero Electric","Photon","ev_two_wheeler",21,"2025-09-01","Uttar Pradesh"
"Hero Electric","Photon","ev_two_wheeler",17,"2025-09-01","Gujarat"
"Tata Motors","Nexon EV","ev_four_wheeler",2333,"2025-09-01","Maharashtra"
"Tata Motors","Nexon EV","ev_four_wheeler",2058,"2025-09-01","Karnataka"
"Tata Motors","Nexon EV","ev_four_wheeler",1749,"2025-09-01","Delhi"
"Tata Motors","Nexon EV","ev_four_wheeler",1451,"2025-09-01","Tamil Nadu"
"Tata Motors","Nexon EV","ev_four_wheeler",1140,"2025-09-01","Uttar Pradesh"
"Tata Motors","Nexon EV","ev_four_wheeler",1307,"2025-09-01","Gujarat"
"Mahindra & Mahindra","XUV400","ev_four_wheeler",66,"2025-09-01","Maharashtra"
"Mahindra & Mahindra","XUV400","ev_four_wheeler",65,"2025-09-01","Karnataka"
"Mahindra & Mahindra","XUV400","ev_four_wheeler",44,"2025-09-01","Delhi"
"Mahindra & Mahindra","XUV400","ev_four_wheeler",46,"2025-09-01","Tamil Nadu"
"Mahindra & Mahindra","XUV400","ev_four_wheeler",41,"2025-09-01","Uttar Pradesh"
"Mahindra & Mahindra","XUV400","ev_four_wheeler",42,"2025-09-01","Gujarat"
"Ather Energy","450X","ev_two_wheeler",1772,"2025-10-01","Maharashtra"
"Ather Energy","450X","ev_two_wheeler",1350,"2025-10-01","Karnataka"
"Ather Energy","450X","ev_two_wheeler",1205,"2025-10-01","Delhi"
"Ather Energy","450X","ev_two_wheeler",984,"2025-10-01","Tamil Nadu"
"Ather Energy","450X","ev_two_wheeler",1023,"2025-10-01","Uttar Pradesh"
"Ather Energy","450X","ev_two_wheeler",949,"2025-10-01","Gujarat"
"Ola Electric","S1 Pro","ev_two_wheeler",11779,"2025-10-01","Maharashtra"
"Ola Electric","S1 Pro","ev_two_wheeler",12035,"2025-10-01","Karnataka"
"Ola Electric","S1 Pro","ev_two_wheeler",10172,"2025-10-01","Delhi"
"Ola Electric","S1 Pro","ev_two_wheeler",7404,"2025-10-01","Tamil Nadu"
"Ola Electric","S1 Pro","ev_two_wheeler",7744,"2025-10-01","Uttar Pradesh"
"Ola Electric","S1 Pro","ev_two_wheeler",6929,"2025-10-01","Gujarat"
"TVS Motor","iQube","ev_two_wheeler",1394,"2025-10-01","Maharashtra"
"TVS Motor","iQube","ev_two_wheeler",1066,"2025-10-01","Karnataka"
"TVS Motor","iQube","ev_two_wheeler",933,"2025-10-01","Delhi"
"TVS Motor","iQube","ev_two_wheeler",817,"2025-10-01","Tamil Nadu"
"TVS Motor","iQube","ev_two_wheeler",717,"2025-10-01","Uttar Pradesh"
"TVS Motor","iQube","ev_two_wheeler",730,"2025-10-01","Gujarat"
"Bajaj Auto","Chetak","ev_two_wheeler",296,"2025-10-01","Maharashtra"
"Bajaj Auto","Chetak","ev_two_wheeler",281,"2025-10-01","Karnataka"
"Bajaj Auto","Chetak","ev_two_wheeler",248,"2025-10-01","Delhi"
"Bajaj Auto","Chetak","ev_two_wheeler",189,"2025-10-01","Tamil Nadu"
"Bajaj Auto","Chetak","ev_two_wheeler",194,"2025-10-01","Uttar Pradesh"
"Bajaj Auto","Chetak","ev_two_wheeler",200,"2025-10-01","Gujarat"
"Hero Electric","Photon","ev_two_wheeler",45,"2025-10-01","Maharashtra"
"Hero Electric","Photon","ev_two_wheeler",43,"2025-10-01","Karnataka"
"Hero Electric","Photon","ev_two_wheeler",37,"2025-10-01","Delhi"
"Hero Electric","Photon","ev_two_wheeler",30,"2025-10-01","Tamil Nadu"
"Hero Electric","Photon","ev_two_wheeler",24,"2025-10-01","Uttar Pradesh"
"Hero Electric","Photon","ev_two_wheeler",31,"2025-10-01","Gujarat"
"Tata Motors","Nexon EV","ev_four_wheeler",3853,"2025-10-01","Maharashtra"
"Tata Motors","Nexon EV","ev_four_wheeler",3032,"2025-10-01","Karnataka"
"Tata Motors","Nexon EV","ev_four_wheeler",2232,"2025-10-01","Delhi"
"Tata Motors","Nexon EV","ev_four_wheeler",2039,"2025-10-01","Tamil Nadu"
"Tata Motors","Nexon EV","ev_four_wheeler",2284,"2025-10-01","Uttar Pradesh"
"Tata Motors","Nexon EV","ev_four_wheeler",2159,"2025-10-01","Gujarat"
"Mahindra & Mahindra","XUV400","ev_four_wheeler",94,"2025-10-01","Maharashtra"
"Mahindra & Mahindra","XUV400","ev_four_wheeler",75,"2025-10-01","Karnataka"
"Mahindra & Mahindra","XUV400","ev_four_wheeler",69,"2025-10-01","Delhi"
"Mahindra & Mahindra","XUV400","ev_four_wheeler",56,"2025-10-01","Tamil Nadu"
"Mahindra & Mahindra","XUV400","ev_four_wheeler",63,"2025-10-01","Uttar Pradesh"
"Mahindra & Mahindra","XUV400","ev_four_wheeler",56,"2025-10-01","Gujarat"
"Ather Energy","450X","ev_two_wheeler",1715,"2025-11-01","Maharashtra"
"Ather Energy","450X","ev_two_wheeler",1496,"2025-11-01","Karnataka"
"Ather Energy","450X","ev_two_wheeler",987,"2025-11-01","Delhi"
"Ather Energy","450X","ev_two_wheeler",1006,"2025-11-01","Tamil Nadu"
"Ather Energy","450X","ev_two_wheeler",854,"2025-11-01","Uttar Pradesh"
"Ather Energy","450X","ev_two_wheeler",1049,"2025-11-01","Gujarat"
"Ola Electric","S1 Pro","ev_two_wheeler",11488,"2025-11-01","Maharashtra"
"Ola Electric","S1 Pro","ev_two_wheeler",13564,"2025-11-01","Karnataka"
"Ola Electric","S1 Pro","ev_two_wheeler",10462,"2025-11-01","Delhi"
"Ola Electric","S1 Pro","ev_two_wheeler",7947,"2025-11-01","Tamil Nadu"
"Ola Electric","S1 Pro","ev_two_wheeler",7397,"2025-11-01","Uttar Pradesh"
"Ola Electric","S1 Pro","ev_two_wheeler",8838,"2025-11-01","Gujarat"
"TVS Motor","iQube","ev_two_wheeler",1274,"2025-11-01","Maharashtra"
"TVS Motor","iQube","ev_two_wheeler",1119,"2025-11-01","Karnataka"
"TVS Motor","iQube","ev_two_wheeler",1131,"2025-11-01","Delhi"
"TVS Motor","iQube","ev_two_wheeler",891,"2025-11-01","Tamil Nadu"
"TVS Motor","iQube","ev_two_wheeler",910,"2025-11-01","Uttar Pradesh"
"TVS Motor","iQube","ev_two_wheeler",881,"2025-11-01","Gujarat"
"Bajaj Auto","Chetak","ev_two_wheeler",337,"2025-11-01","Maharashtra"
"Bajaj Auto","Chetak","ev_two_wheeler",253,"2025-11-01","Karnataka"
"Bajaj Auto","Chetak","ev_two_wheeler",241,"2025-11-01","Delhi"
"Bajaj Auto","Chetak","ev_two_wheeler",208,"2025-11-01","Tamil Nadu"
"Bajaj Auto","Chetak","ev_two_wheeler",194,"2025-11-01","Uttar Pradesh"
"Bajaj Auto","Chetak","ev_two_wheeler",200,"2025-11-01","Gujarat"
"Hero Electric","Photon","ev_two_wheeler",44,"2025-11-01","Maharashtra"
"Hero Electric","Photon","ev_two_wheeler",30,"2025-11-01","Karnataka"
"Hero Electric","Photon","ev_two_wheeler",25,"2025-11-01","Delhi"
"Hero Electric","Photon","ev_two_wheeler",21,"2025-11-01","Tamil Nadu"
"Hero Electric","Photon","ev_two_wheeler",21,"2025-11-01","Uttar Pradesh"
"Hero Electric","Photon","ev_two_wheeler",26,"2025-11-01","Gujarat"
"Tata Motors","Nexon EV","ev_four_wheeler",3435,"2025-11-01","Maharashtra"
"Tata Motors","Nexon EV","ev_four_wheeler",3165,"2025-11-01","Karnataka"
"Tata Motors","Nexon EV","ev_four_wheeler",2720,"2025-11-01","Delhi"
"Tata Motors","Nexon EV","ev_four_wheeler",2116,"2025-11-01","Tamil Nadu"
"Tata Motors","Nexon EV","ev_four_wheeler",2077,"2025-11-01","Uttar Pradesh"
"Tata Motors","Nexon EV","ev_four_wheeler",2478,"2025-11-01","Gujarat"
"Mahindra & Mahindra","XUV400","ev_four_wheeler",106,"2025-11-01","Maharashtra"
"Mahindra & Mahindra","XUV400","ev_four_wheeler",81,"2025-11-01","Karnataka"
"Mahindra & Mahindra","XUV400","ev_four_wheeler",60,"2025-11-01","Delhi"
"Mahindra & Mahindra","XUV400","ev_four_wheeler",61,"2025-11-01","Tamil Nadu"
"Mahindra & Mahindra","XUV400","ev_four_wheeler",52,"2025-11-01","Uttar Pradesh"
"Mahindra & Mahindra","XUV400","ev_four_wheeler",62,"2025-11-01","Gujarat"
"Ather Energy","450X","ev_two_wheeler",1188,"2025-12-01","Maharashtra"
"Ather Energy","450X","ev_two_wheeler",991,"2025-12-01","Karnataka"
"Ather Energy","450X","ev_two_wheeler",1065,"2025-12-01","Delhi"
"Ather Energy","450X","ev_two_wheeler",691,"2025-12-01","Tamil Nadu"
"Ather Energy","450X","ev_two_wheeler",724,"2025-12-01","Uttar Pradesh"
"Ather Energy","450X","ev_two_wheeler",859,"2025-12-01","Gujarat"
"Ola Electric","S1 Pro","ev_two_wheeler",12735,"2025-12-01","Maharashtra"
"Ola Electric","S1 Pro","ev_two_wheeler",11260,"2025-12-01","Karnataka"
"Ola Electric","S1 Pro","ev_two_wheeler",7751,"2025-12-01","Delhi"
"Ola Electric","S1 Pro","ev_two_wheeler",5995,"2025-12-01","Tamil Nadu"
"Ola Electric","S1 Pro","ev_two_wheeler",7920,"2025-12-01","Uttar Pradesh"
"Ola Electric","S1 Pro","ev_two_wheeler",6505,"2025-12-01","Gujarat"
"TVS Motor","iQube","ev_two_wheeler",913,"2025-12-01","Maharashtra"
"TVS Motor","iQube","ev_two_wheeler",980,"2025-12-01","Karnataka"
"TVS Motor","iQube","ev_two_wheeler",837,"2025-12-01","Delhi"
"TVS Motor","iQube","ev_two_wheeler",574,"2025-12-01","Tamil Nadu"
"TVS Motor","iQube","ev_two_wheeler",599,"2025-12-01","Uttar Pradesh"
"TVS Motor","iQube","ev_two_wheeler",652,"2025-12-01","Gujarat"
"Bajaj Auto","Chetak","ev_two_wheeler",239,"2025-12-01","Maharashtra"
"Bajaj Auto","Chetak","ev_two_wheeler",206,"2025-12-01","Karnataka"
"Bajaj Auto","Chetak","ev_two_wheeler",173,"2025-12-01","Delhi"
"Bajaj Auto","Chetak","ev_two_wheeler",163,"2025-12-01","Tamil Nadu"
"Bajaj Auto","Chetak","ev_two_wheeler",155,"2025-12-01","Uttar Pradesh"
"Bajaj Auto","Chetak","ev_two_wheeler",141,"2025-12-01","Gujarat"
"Hero Electric","Photon","ev_two_wheeler",35,"2025-12-01","Maharashtra"
"Hero Electric","Photon","ev_two_wheeler",27,"2025-12-01","Karnataka"
"Hero Electric","Photon","ev_two_wheeler",21,"2025-12-01","Delhi"
"Hero Electric","Photon","ev_two_wheeler",22,"2025-12-01","Tamil Nadu"
"Hero Electric","Photon","ev_two_wheeler",19,"2025-12-01","Uttar Pradesh"
"Hero Electric","Photon","ev_two_wheeler",22,"2025-12-01","Gujarat"
"Tata Motors","Nexon EV","ev_four_wheeler",2183,"2025-12-01","Maharashtra"
"Tata Motors","Nexon EV","ev_four_wheeler",2368,"2025-12-01","Karnataka"
"Tata Motors","Nexon EV","ev_four_wheeler",1867,"2025-12-01","Delhi"
"Tata Motors","Nexon EV","ev_four_wheeler",1353,"2025-12-01","Tamil Nadu"
"Tata Motors","Nexon EV","ev_four_wheeler",1638,"2025-12-01","Uttar Pradesh"
"Tata Motors","Nexon EV","ev_four_wheeler",1255,"2025-12-01","Gujarat"
"Mahindra & Mahindra","XUV400","ev_four_wheeler",66,"2025-12-01","Maharashtra"
"Mahindra & Mahindra","XUV400","ev_four_wheeler",74,"2025-12-01","Karnataka"
"Mahindra & Mahindra","XUV400","ev_four_wheeler",55,"2025-12-01","Delhi"
"Mahindra & Mahindra","XUV400","ev_four_wheeler",48,"2025-12-01","Tamil Nadu"
"Mahindra & Mahindra","XUV400","ev_four_wheeler",42,"2025-12-01","Uttar Pradesh"
"Mahindra & Mahindra","XUV400","ev_four_wheeler",45,"2025-12-01","Gujarat"
"Ather Energy","450X","ev_two_wheeler",1271,"2026-01-01","Maharashtra"
"Ather Energy","450X","ev_two_wheeler",1124,"2026-01-01","Karnataka"
"Ather Energy","450X","ev_two_wheeler",921,"2026-01-01","Delhi"
"Ather Energy","450X","ev_two_wheeler",938,"2026-01-01","Tamil Nadu"
"Ather Energy","450X","ev_two_wheeler",756,"2026-01-01","Uttar Pradesh"
"Ather Energy","450X","ev_two_wheeler",853,"2026-01-01","Gujarat"
"Ola Electric","S1 Pro","ev_two_wheeler",13534,"2026-01-01","Maharashtra"
"Ola Electric","S1 Pro","ev_two_wheeler",9556,"2026-01-01","Karnataka"
"Ola Electric","S1 Pro","ev_two_wheeler",8609,"2026-01-01","Delhi"
"Ola Electric","S1 Pro","ev_two_wheeler",7655,"2026-01-01","Tamil Nadu"
"Ola Electric","S1 Pro","ev_two_wheeler",6473,"2026-01-01","Uttar Pradesh"
"Ola Electric","S1 Pro","ev_two_wheeler",6972,"2026-01-01","Gujarat"
"TVS Motor","iQube","ev_two_wheeler",1284,"2026-01-01","Maharashtra"
"TVS Motor","iQube","ev_two_wheeler",911,"2026-01-01","Karnataka"
"TVS Motor","iQube","ev_two_wheeler",734,"2026-01-01","Delhi"
"TVS Motor","iQube","ev_two_wheeler",624,"2026-01-01","Tamil Nadu"
"TVS Motor","iQube","ev_two_wheeler",795,"2026-01-01","Uttar Pradesh"
"TVS Motor","iQube","ev_two_wheeler",710,"2026-01-01","Gujarat"
"Bajaj Auto","Chetak","ev_two_wheeler",278,"2026-01-01","Maharashtra"
"Bajaj Auto","Chetak","ev_two_wheeler",226,"2026-01-01","Karnataka"
"Bajaj Auto","Chetak","ev_two_wheeler",173,"2026-01-01","Delhi"
"Bajaj Auto","Chetak","ev_two_wheeler",138,"2026-01-01","Tamil Nadu"
"Bajaj Auto","Chetak","ev_two_wheeler",177,"2026-01-01","Uttar Pradesh"
"Bajaj Auto","Chetak","ev_two_wheeler",165,"2026-01-01","Gujarat"
"Hero Electric","Photon","ev_two_wheeler",29,"2026-01-01","Maharashtra"
"Hero Electric","Photon","ev_two_wheeler",26,"2026-01-01","Karnataka"
"Hero Electric","Photon","ev_two_wheeler",22,"2026-01-01","Delhi"
"Hero Electric","Photon","ev_two_wheeler",16,"2026-01-01","Tamil Nadu"
"Hero Electric","Photon","ev_two_wheeler",16,"2026-01-01","Uttar Pradesh"
"Hero Electric","Photon","ev_two_wheeler",18,"2026-01-01","Gujarat"
"Tata Motors","Nexon EV","ev_four_wheeler",2574,"2026-01-01","Maharashtra"
"Tata Motors","Nexon EV","ev_four_wheeler",2223,"2026-01-01","Karnataka"
"Tata Motors","Nexon EV","ev_four_wheeler",2412,"2026-01-01","Delhi"
"Tata Motors","Nexon EV","ev_four_wheeler",1654,"2026-01-01","Tamil Nadu"
"Tata Motors","Nexon EV","ev_four_wheeler",1810,"2026-01-01","Uttar Pradesh"
"Tata Motors","Nexon EV","ev_four_wheeler",1590,"2026-01-01","Gujarat"
"Mahindra & Mahindra","XUV400","ev_four_wheeler",75,"2026-01-01","Maharashtra"
"Mahindra & Mahindra","XUV400","ev_four_wheeler",63,"2026-01-01","Karnataka"
"Mahindra & Mahindra","XUV400","ev_four_wheeler",41,"2026-01-01","Delhi"
"Mahindra & Mahindra","XUV400","ev_four_wheeler",35,"2026-01-01","Tamil Nadu"
"Mahindra & Mahindra","XUV400","ev_four_wheeler",38,"2026-01-01","Uttar Pradesh"
"Mahindra & Mahindra","XUV400","ev_four_wheeler",39,"2026-01-01","Gujarat"
"Ather Energy","450X","ev_two_wheeler",1322,"2026-02-01","Maharashtra"
"Ather Energy","450X","ev_two_wheeler",1213,"2026-02-01","Karnataka"
"Ather Energy","450X","ev_two_wheeler",1051,"2026-02-01","Delhi"
"Ather Energy","450X","ev_two_wheeler",741,"2026-02-01","Tamil Nadu"
"Ather Energy","450X","ev_two_wheeler",832,"2026-02-01","Uttar Pradesh"
"Ather Energy","450X","ev_two_wheeler",766,"2026-02-01","Gujarat"
"Ola Electric","S1 Pro","ev_two_wheeler",13839,"2026-02-01","Maharashtra"
"Ola Electric","S1 Pro","ev_two_wheeler",11480,"2026-02-01","Karnataka"
"Ola Electric","S1 Pro","ev_two_wheeler",9852,"2026-02-01","Delhi"
"Ola Electric","S1 Pro","ev_two_wheeler",7531,"2026-02-01","Tamil Nadu"
"Ola Electric","S1 Pro","ev_two_wheeler",8059,"2026-02-01","Uttar Pradesh"
"Ola Electric","S1 Pro","ev_two_wheeler",8180,"2026-02-01","Gujarat"
"TVS Motor","iQube","ev_two_wheeler",1394,"2026-02-01","Maharashtra"
"TVS Motor","iQube","ev_two_wheeler",958,"2026-02-01","Karnataka"
"TVS Motor","iQube","ev_two_wheeler",809,"2026-02-01","Delhi"
"TVS Motor","iQube","ev_two_wheeler",777,"2026-02-01","Tamil Nadu"
"TVS Motor","iQube","ev_two_wheeler",837,"2026-02-01","Uttar Pradesh"
"TVS Motor","iQube","ev_two_wheeler",743,"2026-02-01","Gujarat"
"Bajaj Auto","Chetak","ev_two_wheeler",284,"2026-02-01","Maharashtra"
"Bajaj Auto","Chetak","ev_two_wheeler",243,"2026-02-01","Karnataka"
"Bajaj Auto","Chetak","ev_two_wheeler",158,"2026-02-01","Delhi"
"Bajaj Auto","Chetak","ev_two_wheeler",146,"2026-02-01","Tamil Nadu"
"Bajaj Auto","Chetak","ev_two_wheeler",148,"2026-02-01","Uttar Pradesh"
"Bajaj Auto","Chetak","ev_two_wheeler",130,"2026-02-01","Gujarat"
"Hero Electric","Photon","ev_two_wheeler",31,"2026-02-01","Maharashtra"
"Hero Electric","Photon","ev_two_wheeler",28,"2026-02-01","Karnataka"
"Hero Electric","Photon","ev_two_wheeler",19,"2026-02-01","Delhi"
"Hero Electric","Photon","ev_two_wheeler",18,"2026-02-01","Tamil Nadu"
"Hero Electric","Photon","ev_two_wheeler",17,"2026-02-01","Uttar Pradesh"
"Hero Electric","Photon","ev_two_wheeler",20,"2026-02-01","Gujarat"
"Tata Motors","Nexon EV","ev_four_wheeler",2864,"2026-02-01","Maharashtra"
"Tata Motors","Nexon EV","ev_four_wheeler",2593,"2026-02-01","Karnataka"
"Tata Motors","Nexon EV","ev_four_wheeler",2537,"2026-02-01","Delhi"
"Tata Motors","Nexon EV","ev_four_wheeler",1685,"2026-02-01","Tamil Nadu"
"Tata Motors","Nexon EV","ev_four_wheeler",1961,"2026-02-01","Uttar Pradesh"
"Tata Motors","Nexon EV","ev_four_wheeler",1926,"2026-02-01","Gujarat"
"Mahindra & Mahindra","XUV400","ev_four_wheeler",87,"2026-02-01","Maharashtra"
"Mahindra & Mahindra","XUV400","ev_four_wheeler",62,"2026-02-01","Karnataka"
"Mahindra & Mahindra","XUV400","ev_four_wheeler",51,"2026-02-01","Delhi"
"Mahindra & Mahindra","XUV400","ev_four_wheeler",47,"2026-02-01","Tamil Nadu"
"Mahindra & Mahindra","XUV400","ev_four_wheeler",45,"2026-02-01","Uttar Pradesh"
"Mahindra & Mahindra","XUV400","ev_four_wheeler",41,"2026-02-01","Gujarat"
"Ather Energy","450X","ev_two_wheeler",1208,"2026-03-01","Maharashtra"
"Ather Energy","450X","ev_two_wheeler",1153,"2026-03-01","Karnataka"
"Ather Energy","450X","ev_two_wheeler",970,"2026-03-01","Delhi"
"Ather Energy","450X","ev_two_wheeler",705,"2026-03-01","Tamil Nadu"
"Ather Energy","450X","ev_two_wheeler",661,"2026-03-01","Uttar Pradesh"
"Ather Energy","450X","ev_two_wheeler",765,"2026-03-01","Gujarat"
"Ola Electric","S1 Pro","ev_two_wheeler",11312,"2026-03-01","Maharashtra"
"Ola Electric","S1 Pro","ev_two_wheeler",13292,"2026-03-01","Karnataka"
"Ola Electric","S1 Pro","ev_two_wheeler",9713,"2026-03-01","Delhi"
"Ola Electric","S1 Pro","ev_two_wheeler",8251,"2026-03-01","Tamil Nadu"
"Ola Electric","S1 Pro","ev_two_wheeler",8223,"2026-03-01","Uttar Pradesh"
"Ola Electric","S1 Pro","ev_two_wheeler",6898,"2026-03-01","Gujarat"
"TVS Motor","iQube","ev_two_wheeler",1183,"2026-03-01","Maharashtra"
"TVS Motor","iQube","ev_two_wheeler",875,"2026-03-01","Karnataka"
"TVS Motor","iQube","ev_two_wheeler",945,"2026-03-01","Delhi"
"TVS Motor","iQube","ev_two_wheeler",722,"2026-03-01","Tamil Nadu"
"TVS Motor","iQube","ev_two_wheeler",597,"2026-03-01","Uttar Pradesh"
"TVS Motor","iQube","ev_two_wheeler",669,"2026-03-01","Gujarat"
"Bajaj Auto","Chetak","ev_two_wheeler",227,"2026-03-01","Maharashtra"
"Bajaj Auto","Chetak","ev_two_wheeler",206,"2026-03-01","Karnataka"
"Bajaj Auto","Chetak","ev_two_wheeler",184,"2026-03-01","Delhi"
"Bajaj Auto","Chetak","ev_two_wheeler",143,"2026-03-01","Tamil Nadu"
"Bajaj Auto","Chetak","ev_two_wheeler",157,"2026-03-01","Uttar Pradesh"
"Bajaj Auto","Chetak","ev_two_wheeler",132,"2026-03-01","Gujarat"
"Hero Electric","Photon","ev_two_wheeler",26,"2026-03-01","Maharashtra"
"Hero Electric","Photon","ev_two_wheeler",23,"2026-03-01","Karnataka"
"Hero Electric","Photon","ev_two_wheeler",16,"2026-03-01","Delhi"
"Hero Electric","Photon","ev_two_wheeler",12,"2026-03-01","Tamil Nadu"
"Hero Electric","Photon","ev_two_wheeler",13,"2026-03-01","Uttar Pradesh"
"Hero Electric","Photon","ev_two_wheeler",15,"2026-03-01","Gujarat"
"Tata Motors","Nexon EV","ev_four_wheeler",3066,"2026-03-01","Maharashtra"
"Tata Motors","Nexon EV","ev_four_wheeler",2310,"2026-03-01","Karnataka"
"Tata Motors","Nexon EV","ev_four_wheeler",1922,"2026-03-01","Delhi"
"Tata Motors","Nexon EV","ev_four_wheeler",1902,"2026-03-01","Tamil Nadu"
"Tata Motors","Nexon EV","ev_four_wheeler",1649,"2026-03-01","Uttar Pradesh"
"Tata Motors","Nexon EV","ev_four_wheeler",1813,"2026-03-01","Gujarat"
"Mahindra & Mahindra","XUV400","ev_four_wheeler",75,"2026-03-01","Maharashtra"
"Mahindra & Mahindra","XUV400","ev_four_wheeler",61,"2026-03-01","Karnataka"
"Mahindra & Mahindra","XUV400","ev_four_wheeler",50,"2026-03-01","Delhi"
"Mahindra & Mahindra","XUV400","ev_four_wheeler",43,"2026-03-01","Tamil Nadu"
"Mahindra & Mahindra","XUV400","ev_four_wheeler",47,"2026-03-01","Uttar Pradesh"
"Mahindra & Mahindra","XUV400","ev_four_wheeler",45,"2026-03-01","Gujarat"
"Ather Energy","450X","ev_two_wheeler",1583,"2026-04-01","Maharashtra"
"Ather Energy","450X","ev_two_wheeler",1385,"2026-04-01","Karnataka"
"Ather Energy","450X","ev_two_wheeler",1230,"2026-04-01","Delhi"
"Ather Energy","450X","ev_two_wheeler",955,"2026-04-01","Tamil Nadu"
"Ather Energy","450X","ev_two_wheeler",847,"2026-04-01","Uttar Pradesh"
"Ather Energy","450X","ev_two_wheeler",1033,"2026-04-01","Gujarat"
"Ola Electric","S1 Pro","ev_two_wheeler",17473,"2026-04-01","Maharashtra"
"Ola Electric","S1 Pro","ev_two_wheeler",15685,"2026-04-01","Karnataka"
"Ola Electric","S1 Pro","ev_two_wheeler",10013,"2026-04-01","Delhi"
"Ola Electric","S1 Pro","ev_two_wheeler",8885,"2026-04-01","Tamil Nadu"
"Ola Electric","S1 Pro","ev_two_wheeler",10427,"2026-04-01","Uttar Pradesh"
"Ola Electric","S1 Pro","ev_two_wheeler",10512,"2026-04-01","Gujarat"
"TVS Motor","iQube","ev_two_wheeler",1546,"2026-04-01","Maharashtra"
"TVS Motor","iQube","ev_two_wheeler",1554,"2026-04-01","Karnataka"
"TVS Motor","iQube","ev_two_wheeler",1181,"2026-04-01","Delhi"
"TVS Motor","iQube","ev_two_wheeler",992,"2026-04-01","Tamil Nadu"
"TVS Motor","iQube","ev_two_wheeler",977,"2026-04-01","Uttar Pradesh"
"TVS Motor","iQube","ev_two_wheeler",876,"2026-04-01","Gujarat"
"Bajaj Auto","Chetak","ev_two_wheeler",268,"2026-04-01","Maharashtra"
"Bajaj Auto","Chetak","ev_two_wheeler",286,"2026-04-01","Karnataka"
"Bajaj Auto","Chetak","ev_two_wheeler",193,"2026-04-01","Delhi"
"Bajaj Auto","Chetak","ev_two_wheeler",164,"2026-04-01","Tamil Nadu"
"Bajaj Auto","Chetak","ev_two_wheeler",163,"2026-04-01","Uttar Pradesh"
"Bajaj Auto","Chetak","ev_two_wheeler",205,"2026-04-01","Gujarat"
"Hero Electric","Photon","ev_two_wheeler",25,"2026-04-01","Maharashtra"
"Hero Electric","Photon","ev_two_wheeler",27,"2026-04-01","Karnataka"
"Hero Electric","Photon","ev_two_wheeler",18,"2026-04-01","Delhi"
"Hero Electric","Photon","ev_two_wheeler",19,"2026-04-01","Tamil Nadu"
"Hero Electric","Photon","ev_two_wheeler",19,"2026-04-01","Uttar Pradesh"
"Hero Electric","Photon","ev_two_wheeler",16,"2026-04-01","Gujarat"
"Tata Motors","Nexon EV","ev_four_wheeler",3737,"2026-04-01","Maharashtra"
"Tata Motors","Nexon EV","ev_four_wheeler",2983,"2026-04-01","Karnataka"
"Tata Motors","Nexon EV","ev_four_wheeler",2344,"2026-04-01","Delhi"
"Tata Motors","Nexon EV","ev_four_wheeler",1803,"2026-04-01","Tamil Nadu"
"Tata Motors","Nexon EV","ev_four_wheeler",1898,"2026-04-01","Uttar Pradesh"
"Tata Motors","Nexon EV","ev_four_wheeler",2264,"2026-04-01","Gujarat"
"Mahindra & Mahindra","XUV400","ev_four_wheeler",82,"2026-04-01","Maharashtra"
"Mahindra & Mahindra","XUV400","ev_four_wheeler",58,"2026-04-01","Karnataka"
"Mahindra & Mahindra","XUV400","ev_four_wheeler",47,"2026-04-01","Delhi"
"Mahindra & Mahindra","XUV400","ev_four_wheeler",49,"2026-04-01","Tamil Nadu"
"Mahindra & Mahindra","XUV400","ev_four_wheeler",40,"2026-04-01","Uttar Pradesh"
"Mahindra & Mahindra","XUV400","ev_four_wheeler",43,"2026-04-01","Gujarat"
"Ather Energy","450X","ev_two_wheeler",1895,"2026-05-01","Maharashtra"
"Ather Energy","450X","ev_two_wheeler",1687,"2026-05-01","Karnataka"
"Ather Energy","450X","ev_two_wheeler",1382,"2026-05-01","Delhi"
"Ather Energy","450X","ev_two_wheeler",1099,"2026-05-01","Tamil Nadu"
"Ather Energy","450X","ev_two_wheeler",1258,"2026-05-01","Uttar Pradesh"
"Ather Energy","450X","ev_two_wheeler",1272,"2026-05-01","Gujarat"
"Ola Electric","S1 Pro","ev_two_wheeler",14906,"2026-05-01","Maharashtra"
"Ola Electric","S1 Pro","ev_two_wheeler",14712,"2026-05-01","Karnataka"
"Ola Electric","S1 Pro","ev_two_wheeler",11445,"2026-05-01","Delhi"
"Ola Electric","S1 Pro","ev_two_wheeler",10882,"2026-05-01","Tamil Nadu"
"Ola Electric","S1 Pro","ev_two_wheeler",10264,"2026-05-01","Uttar Pradesh"
"Ola Electric","S1 Pro","ev_two_wheeler",9816,"2026-05-01","Gujarat"
"TVS Motor","iQube","ev_two_wheeler",1303,"2026-05-01","Maharashtra"
"TVS Motor","iQube","ev_two_wheeler",1213,"2026-05-01","Karnataka"
"TVS Motor","iQube","ev_two_wheeler",1185,"2026-05-01","Delhi"
"TVS Motor","iQube","ev_two_wheeler",984,"2026-05-01","Tamil Nadu"
"TVS Motor","iQube","ev_two_wheeler",912,"2026-05-01","Uttar Pradesh"
"TVS Motor","iQube","ev_two_wheeler",974,"2026-05-01","Gujarat"
"Bajaj Auto","Chetak","ev_two_wheeler",313,"2026-05-01","Maharashtra"
"Bajaj Auto","Chetak","ev_two_wheeler",253,"2026-05-01","Karnataka"
"Bajaj Auto","Chetak","ev_two_wheeler",208,"2026-05-01","Delhi"
"Bajaj Auto","Chetak","ev_two_wheeler",190,"2026-05-01","Tamil Nadu"
"Bajaj Auto","Chetak","ev_two_wheeler",210,"2026-05-01","Uttar Pradesh"
"Bajaj Auto","Chetak","ev_two_wheeler",218,"2026-05-01","Gujarat"
"Hero Electric","Photon","ev_two_wheeler",26,"2026-05-01","Maharashtra"
"Hero Electric","Photon","ev_two_wheeler",25,"2026-05-01","Karnataka"
"Hero Electric","Photon","ev_two_wheeler",19,"2026-05-01","Delhi"
"Hero Electric","Photon","ev_two_wheeler",14,"2026-05-01","Tamil Nadu"
"Hero Electric","Photon","ev_two_wheeler",14,"2026-05-01","Uttar Pradesh"
"Hero Electric","Photon","ev_two_wheeler",17,"2026-05-01","Gujarat"
"Tata Motors","Nexon EV","ev_four_wheeler",4423,"2026-05-01","Maharashtra"
"Tata Motors","Nexon EV","ev_four_wheeler",3765,"2026-05-01","Karnataka"
"Tata Motors","Nexon EV","ev_four_wheeler",2959,"2026-05-01","Delhi"
"Tata Motors","Nexon EV","ev_four_wheeler",2514,"2026-05-01","Tamil Nadu"
"Tata Motors","Nexon EV","ev_four_wheeler",2542,"2026-05-01","Uttar Pradesh"
"Tata Motors","Nexon EV","ev_four_wheeler",2705,"2026-05-01","Gujarat"
"Mahindra & Mahindra","XUV400","ev_four_wheeler",73,"2026-05-01","Maharashtra"
"Mahindra & Mahindra","XUV400","ev_four_wheeler",68,"2026-05-01","Karnataka"
"Mahindra & Mahindra","XUV400","ev_four_wheeler",62,"2026-05-01","Delhi"
"Mahindra & Mahindra","XUV400","ev_four_wheeler",47,"2026-05-01","Tamil Nadu"
"Mahindra & Mahindra","XUV400","ev_four_wheeler",54,"2026-05-01","Uttar Pradesh"
"Mahindra & Mahindra","XUV400","ev_four_wheeler",51,"2026-05-01","Gujarat"
"Ather Energy","450X","ev_two_wheeler",2030,"2026-06-01","Maharashtra"
"Ather Energy","450X","ev_two_wheeler",1758,"2026-06-01","Karnataka"
"Ather Energy","450X","ev_two_wheeler",1408,"2026-06-01","Delhi"
"Ather Energy","450X","ev_two_wheeler",1290,"2026-06-01","Tamil Nadu"
"Ather Energy","450X","ev_two_wheeler",1310,"2026-06-01","Uttar Pradesh"
"Ather Energy","450X","ev_two_wheeler",1230,"2026-06-01","Gujarat"
"Ola Electric","S1 Pro","ev_two_wheeler",19709,"2026-06-01","Maharashtra"
"Ola Electric","S1 Pro","ev_two_wheeler",14384,"2026-06-01","Karnataka"
"Ola Electric","S1 Pro","ev_two_wheeler",15144,"2026-06-01","Delhi"
"Ola Electric","S1 Pro","ev_two_wheeler",12605,"2026-06-01","Tamil Nadu"
"Ola Electric","S1 Pro","ev_two_wheeler",9713,"2026-06-01","Uttar Pradesh"
"Ola Electric","S1 Pro","ev_two_wheeler",12174,"2026-06-01","Gujarat"
"TVS Motor","iQube","ev_two_wheeler",1395,"2026-06-01","Maharashtra"
"TVS Motor","iQube","ev_two_wheeler",1563,"2026-06-01","Karnataka"
"TVS Motor","iQube","ev_two_wheeler",1164,"2026-06-01","Delhi"
"TVS Motor","iQube","ev_two_wheeler",946,"2026-06-01","Tamil Nadu"
"TVS Motor","iQube","ev_two_wheeler",989,"2026-06-01","Uttar Pradesh"
"TVS Motor","iQube","ev_two_wheeler",1114,"2026-06-01","Gujarat"
"Bajaj Auto","Chetak","ev_two_wheeler",268,"2026-06-01","Maharashtra"
"Bajaj Auto","Chetak","ev_two_wheeler",257,"2026-06-01","Karnataka"
"Bajaj Auto","Chetak","ev_two_wheeler",226,"2026-06-01","Delhi"
"Bajaj Auto","Chetak","ev_two_wheeler",211,"2026-06-01","Tamil Nadu"
"Bajaj Auto","Chetak","ev_two_wheeler",169,"2026-06-01","Uttar Pradesh"
"Bajaj Auto","Chetak","ev_two_wheeler",176,"2026-06-01","Gujarat"
"Hero Electric","Photon","ev_two_wheeler",28,"2026-06-01","Maharashtra"
"Hero Electric","Photon","ev_two_wheeler",21,"2026-06-01","Karnataka"
"Hero Electric","Photon","ev_two_wheeler",21,"2026-06-01","Delhi"
"Hero Electric","Photon","ev_two_wheeler",17,"2026-06-01","Tamil Nadu"
"Hero Electric","Photon","ev_two_wheeler",15,"2026-06-01","Uttar Pradesh"
"Hero Electric","Photon","ev_two_wheeler",15,"2026-06-01","Gujarat"
"Tata Motors","Nexon EV","ev_four_wheeler",4184,"2026-06-01","Maharashtra"
"Tata Motors","Nexon EV","ev_four_wheeler",4001,"2026-06-01","Karnataka"
"Tata Motors","Nexon EV","ev_four_wheeler",3260,"2026-06-01","Delhi"
"Tata Motors","Nexon EV","ev_four_wheeler",2602,"2026-06-01","Tamil Nadu"
"Tata Motors","Nexon EV","ev_four_wheeler",2613,"2026-06-01","Uttar Pradesh"
"Tata Motors","Nexon EV","ev_four_wheeler",2333,"2026-06-01","Gujarat"
"Mahindra & Mahindra","XUV400","ev_four_wheeler",83,"2026-06-01","Maharashtra"
"Mahindra & Mahindra","XUV400","ev_four_wheeler",84,"2026-06-01","Karnataka"
"Mahindra & Mahindra","XUV400","ev_four_wheeler",70,"2026-06-01","Delhi"
"Mahindra & Mahindra","XUV400","ev_four_wheeler",58,"2026-06-01","Tamil Nadu"
"Mahindra & Mahindra","XUV400","ev_four_wheeler",59,"2026-06-01","Uttar Pradesh"
"Mahindra & Mahindra","XUV400","ev_four_wheeler",46,"2026-06-01","Gujarat"
"Ather Energy","450X","ev_two_wheeler",1574,"2026-07-01","Maharashtra"
"Ather Energy","450X","ev_two_wheeler",1707,"2026-07-01","Karnataka"
"Ather Energy","450X","ev_two_wheeler",1321,"2026-07-01","Delhi"
"Ather Energy","450X","ev_two_wheeler",919,"2026-07-01","Tamil Nadu"
"Ather Energy","450X","ev_two_wheeler",1088,"2026-07-01","Uttar Pradesh"
"Ather Energy","450X","ev_two_wheeler",1152,"2026-07-01","Gujarat"
"Ola Electric","S1 Pro","ev_two_wheeler",21825,"2026-07-01","Maharashtra"
"Ola Electric","S1 Pro","ev_two_wheeler",15943,"2026-07-01","Karnataka"
"Ola Electric","S1 Pro","ev_two_wheeler",13793,"2026-07-01","Delhi"
"Ola Electric","S1 Pro","ev_two_wheeler",11061,"2026-07-01","Tamil Nadu"
"Ola Electric","S1 Pro","ev_two_wheeler",11023,"2026-07-01","Uttar Pradesh"
"Ola Electric","S1 Pro","ev_two_wheeler",11850,"2026-07-01","Gujarat"
"TVS Motor","iQube","ev_two_wheeler",1580,"2026-07-01","Maharashtra"
"TVS Motor","iQube","ev_two_wheeler",1452,"2026-07-01","Karnataka"
"TVS Motor","iQube","ev_two_wheeler",1287,"2026-07-01","Delhi"
"TVS Motor","iQube","ev_two_wheeler",1005,"2026-07-01","Tamil Nadu"
"TVS Motor","iQube","ev_two_wheeler",1263,"2026-07-01","Uttar Pradesh"
"TVS Motor","iQube","ev_two_wheeler",1061,"2026-07-01","Gujarat"
"Bajaj Auto","Chetak","ev_two_wheeler",379,"2026-07-01","Maharashtra"
"Bajaj Auto","Chetak","ev_two_wheeler",272,"2026-07-01","Karnataka"
"Bajaj Auto","Chetak","ev_two_wheeler",265,"2026-07-01","Delhi"
"Bajaj Auto","Chetak","ev_two_wheeler",233,"2026-07-01","Tamil Nadu"
"Bajaj Auto","Chetak","ev_two_wheeler",232,"2026-07-01","Uttar Pradesh"
"Bajaj Auto","Chetak","ev_two_wheeler",236,"2026-07-01","Gujarat"
"Hero Electric","Photon","ev_two_wheeler",25,"2026-07-01","Maharashtra"
"Hero Electric","Photon","ev_two_wheeler",24,"2026-07-01","Karnataka"
"Hero Electric","Photon","ev_two_wheeler",20,"2026-07-01","Delhi"
"Hero Electric","Photon","ev_two_wheeler",14,"2026-07-01","Tamil Nadu"
"Hero Electric","Photon","ev_two_wheeler",18,"2026-07-01","Uttar Pradesh"
"Hero Electric","Photon","ev_two_wheeler",14,"2026-07-01","Gujarat"
"Tata Motors","Nexon EV","ev_four_wheeler",4076,"2026-07-01","Maharashtra"
"Tata Motors","Nexon EV","ev_four_wheeler",2970,"2026-07-01","Karnataka"
"Tata Motors","Nexon EV","ev_four_wheeler",2520,"2026-07-01","Delhi"
"Tata Motors","Nexon EV","ev_four_wheeler",2123,"2026-07-01","Tamil Nadu"
"Tata Motors","Nexon EV","ev_four_wheeler",2147,"2026-07-01","Uttar Pradesh"
"Tata Motors","Nexon EV","ev_four_wheeler",2093,"2026-07-01","Gujarat"
"Mahindra & Mahindra","XUV400","ev_four_wheeler",79,"2026-07-01","Maharashtra"
"Mahindra & Mahindra","XUV400","ev_four_wheeler",69,"2026-07-01","Karnataka"
"Mahindra & Mahindra","XUV400","ev_four_wheeler",65,"2026-07-01","Delhi"
"Mahindra & Mahindra","XUV400","ev_four_wheeler",51,"2026-07-01","Tamil Nadu"
"Mahindra & Mahindra","XUV400","ev_four_wheeler",56,"2026-07-01","Uttar Pradesh"
"Mahindra & Mahindra","XUV400","ev_four_wheeler",57,"2026-07-01","Gujarat"